model_,Slice_,MAE_mean,MAE_std,LPIPS_mean,LPIPS_std
abdom_32x2x2,0,0.018647778234343434,0.0037086764895803755,0.20060490591919194,0.048460444573176116
abdom_32x2x2,1,0.01912625545656566,0.003881163046623894,0.20771693755555556,0.04997633918767603
abdom_32x2x2,2,0.019063162066666667,0.003783836849195122,0.2066478707676768,0.048721891707979616
abdom_32x2x2,3,0.01907244061212121,0.0039290540436149575,0.206160891189899,0.050752650951509846
abdom_32x2x2,4,0.019099841423232324,0.003920264026156952,0.2060711108989899,0.05058325807978472
abdom_32x2x2,5,0.019132277672727273,0.003880827327246243,0.20593621085656566,0.05011820905303357
abdom_32x2x2,6,0.019132471810101012,0.0037985719265112247,0.2054024570060606,0.04887222486229214
abdom_32x2x2,7,0.019218678024242423,0.0038515573174833463,0.20599799882020203,0.04954345598162891
abdom_32x2x2,8,0.019332335404040404,0.0038509654218971882,0.2065706541818182,0.04964928946467994
abdom_32x2x2,9,0.019446158384848485,0.00381103891902896,0.20707813645454545,0.049855810286802756
abdom_32x2x2,10,0.019546515869696968,0.0038064861076876942,0.2071989725858586,0.04892063696122469
abdom_32x2x2,11,0.019648810383838384,0.0038591993156283175,0.20707609928888887,0.04858021429313
abdom_32x2x2,12,0.01974459213737374,0.0038631937720497583,0.20718805109090907,0.04886160651825052
abdom_32x2x2,13,0.019834633604040405,0.0038282654567526977,0.20737641486868688,0.048580829605333824
abdom_32x2x2,14,0.019930184536363638,0.00379801822729963,0.20749807814141413,0.047536920855001746
abdom_32x2x2,15,0.020068415234343433,0.003826401205384184,0.207903063010101,0.04766697477625705
abdom_32x2x2,16,0.020203280575757574,0.0038239625542717663,0.2079859776040404,0.04791521701500715
abdom_32x2x2,17,0.020298950935353534,0.0037575377148551838,0.2076347631919192,0.04670859604076625
abdom_32x2x2,18,0.02037704233838384,0.003772824354701263,0.20752229284848484,0.047141908055260806
abdom_32x2x2,19,0.02045249684646465,0.0037689742531768766,0.20725242965656565,0.047042989981604964
abdom_32x2x2,20,0.02052548916060606,0.0037377742801350733,0.20717264723232323,0.04567421418085703
abdom_32x2x2,21,0.02060814284141414,0.0036220543911652894,0.20710136175757576,0.043920883616683254
abdom_32x2x2,22,0.020708151057575758,0.00369443987689196,0.20801892004040404,0.04560374106930602
abdom_32x2x2,23,0.020773692683838385,0.0037665805463799737,0.20779025494949493,0.04556511108196838
abdom_32x2x2,24,0.020815827606060607,0.003718547948525411,0.20734255543434343,0.0447876966986826
abdom_32x2x2,25,0.020891277679797978,0.003620490756092043,0.20759356317171718,0.04381697423995977
abdom_32x2x2,26,0.020934366036363634,0.003602277657582711,0.20727786042424243,0.04356272143417861
abdom_32x2x2,27,0.02099056892222222,0.0036411074833916294,0.20701706515151516,0.04412633618221729
abdom_32x2x2,28,0.02107485255151515,0.0036311042572901558,0.2071458789979798,0.04365820887987623
abdom_32x2x2,29,0.02115688052020202,0.0036331253429839586,0.20748798381818181,0.04396140850355269
abdom_32x2x2,30,0.02118483557070707,0.0036212840501212385,0.20698969082626265,0.04349387421747189
abdom_32x2x2,31,0.021214798934343432,0.003651291749906965,0.2066795533030303,0.04350834479855742
abdom_32x2x2,32,0.02129583197676768,0.0036751565764404468,0.20723415281616162,0.04412920044066847
abdom_32x2x2,33,0.021350061306060607,0.0036800713449172216,0.20708349432323234,0.04383382965046939
abdom_32x2x2,34,0.02135561161717172,0.003623853583294484,0.20641426474747473,0.04247930592259468
abdom_32x2x2,35,0.021376011632323232,0.0035954841951533244,0.20615781387878787,0.0420853196214317
abdom_32x2x2,36,0.021388012174747475,0.0036419991703444047,0.20580971057777778,0.042780034979264144
abdom_32x2x2,37,0.021383545126262626,0.003643018059680501,0.20547500175757574,0.042627508741083196
abdom_32x2x2,38,0.0213558212010101,0.003636595103436129,0.20554333823030302,0.04242588934928346
abdom_32x2x2,39,0.021352655766666666,0.0036051154535261926,0.20556309174949494,0.04273370312907728
abdom_32x2x2,40,0.021339353413131312,0.0035405808394747794,0.20574502975757575,0.04262035510561698
abdom_32x2x2,41,0.02131805134141414,0.0035044649436701855,0.2058763773939394,0.04247744351513704
abdom_32x2x2,42,0.02128989182020202,0.0034985346337401764,0.20493400189898991,0.042464470794875
abdom_32x2x2,43,0.021285446306060607,0.0035032478993165177,0.20513271781818182,0.04268833632559229
abdom_32x2x2,44,0.021274245186868688,0.00348772263221138,0.20481911602020203,0.04190955053355256
abdom_32x2x2,45,0.021281656925252523,0.003515636439046354,0.20505332319191918,0.04277584010962421
abdom_32x2x2,46,0.0212842918979798,0.0035447302198643033,0.20488655601212122,0.04301022757145729
abdom_32x2x2,47,0.021305613696969695,0.0035957013939968687,0.20496945552727272,0.043456753198493646
abdom_32x2x2,48,0.021305550573737377,0.0036216661473878324,0.2046461521717172,0.04287814935446629
abdom_32x2x2,49,0.021318140972727273,0.003617295759788056,0.20434768119191918,0.04287090056840153
abdom_32x2x2,50,0.02135179848888889,0.0036334449709182915,0.20440806026262628,0.04304690006081508
abdom_32x2x2,51,0.021429909705050505,0.0036692857240535996,0.20461765551515151,0.043494349706365044
abdom_32x2x2,52,0.02151141983838384,0.003706470512049588,0.20425192854545454,0.043505299584702575
abdom_32x2x2,53,0.021597960264646464,0.003719723595574281,0.20434323242424243,0.04392725807754434
abdom_32x2x2,54,0.021692038317171716,0.003661375747414661,0.20405256276767675,0.04254242757705892
abdom_32x2x2,55,0.021769561015151515,0.0036632751713996216,0.20404948757575758,0.042485547236166675
abdom_32x2x2,56,0.02186931394141414,0.0036998519608370055,0.20436841363636363,0.043090363622592304
abdom_32x2x2,57,0.02197842126868687,0.0037054146052957035,0.2044339658989899,0.04317964735127425
abdom_32x2x2,58,0.022094715238383838,0.003674445229065184,0.20444357127272728,0.04163950552186718
abdom_32x2x2,59,0.022215228634343432,0.0036574672536659673,0.20437439392929294,0.040639284917262
abdom_32x2x2,60,0.022352072246464644,0.003745842680037234,0.20436022147474747,0.04152887632097768
abdom_32x2x2,61,0.022461355789898992,0.0037742009566390407,0.2042947237777778,0.041267038557361094
abdom_32x2x2,62,0.022602416243434342,0.00374772742056364,0.20463721711111113,0.04125632749938994
abdom_32x2x2,63,0.022722957155555557,0.0037517764982050615,0.20538174343636365,0.04031661526067158
abdom_32x2x2,64,0.022852566856565656,0.003850419727656777,0.20573896498787878,0.04091519446302447
abdom_32x2x2,65,0.02296458302929293,0.003888119767475982,0.20582235676767677,0.04033059450916041
abdom_32x2x2,66,0.023127054158585857,0.0038329195431624323,0.20668529466666666,0.040580140446252945
abdom_32x2x2,67,0.02325608466868687,0.003798227042066259,0.20724828557575758,0.040072489725163675
abdom_32x2x2,68,0.023371632288888892,0.0038230662426642107,0.2073616963030303,0.04012866028927137
abdom_32x2x2,69,0.02349184543030303,0.0038290925788681558,0.2074872174868687,0.03983998441525185
abdom_32x2x2,70,0.023613272303030303,0.0037924585239526663,0.20828613852525255,0.039565756437916495
abdom_32x2x2,71,0.023740136581818182,0.003809642142636646,0.20838776585858584,0.03923181909532071
abdom_32x2x2,72,0.02384631003838384,0.00385754097451762,0.20826871252525253,0.039503442353904863
abdom_32x2x2,73,0.02395077082828283,0.003909853034598834,0.20828426936565655,0.04003684343562447
abdom_32x2x2,74,0.02406413735757576,0.003922036786012285,0.2088089153131313,0.03975259009161986
abdom_32x2x2,75,0.024161858335353534,0.0039058573953713515,0.20943113876767674,0.039143696154107115
abdom_32x2x2,76,0.0242395499010101,0.003930616123186099,0.2092887818868687,0.03952705072786641
abdom_32x2x2,77,0.024350887004040405,0.003935490765362328,0.20940906711111112,0.03977618576883261
abdom_32x2x2,78,0.024463932929292928,0.0039021225709249853,0.20979678164646465,0.03899040959112036
abdom_32x2x2,79,0.02453776684040404,0.0038746682662906553,0.21025400362626262,0.03866436678065086
abdom_32x2x2,80,0.02460436471313131,0.0039051958298378783,0.21106241236363635,0.03844973429598844
abdom_32x2x2,81,0.024683297387878788,0.0038854679631318786,0.21112008436363638,0.03838141273533615
abdom_32x2x2,82,0.024753088703030304,0.003811023195398302,0.21135318133333333,0.037412920578132045
abdom_32x2x2,83,0.024825181173737373,0.0038344224158786836,0.21205333843636362,0.03812700162695119
abdom_32x2x2,84,0.024861301614141414,0.0038314874561590326,0.21211306067474747,0.03817832870916309
abdom_32x2x2,85,0.024926516856565654,0.003820413600762606,0.21270206335353536,0.03828271057731008
abdom_32x2x2,86,0.024956729412121213,0.0037906134411530147,0.2129918574747475,0.037599457446806483
abdom_32x2x2,87,0.024989694765656566,0.0038026588530211086,0.2133961275959596,0.03721089011446898
abdom_32x2x2,88,0.025044472896969698,0.0038411427654260538,0.2136325832929293,0.037318826329919966
abdom_32x2x2,89,0.02507341541212121,0.003809950068485966,0.2136892853131313,0.03720825515537256
abdom_32x2x2,90,0.025129351339393938,0.0037703592206180603,0.21385213466666667,0.036793136808279586
abdom_32x2x2,91,0.025156678494949496,0.003785922741762432,0.21409798428282828,0.03646275792394358
abdom_32x2x2,92,0.025208284557575757,0.003821213752722449,0.21489347006060605,0.0362730211097069
abdom_32x2x2,93,0.025244553616161618,0.0037724833074779915,0.21563380014141414,0.03636309530833837
abdom_32x2x2,94,0.025242160874747475,0.0037320621760105776,0.21583818288888887,0.03577506815688458
abdom_32x2x2,95,0.025220778313131315,0.0037417141222717176,0.21621682317171717,0.03562098105306184
abdom_32x2x2,96,0.02521051197171717,0.0037554107245563904,0.2161275870909091,0.03511918581315935
abdom_32x2x2,97,0.02520865995959596,0.0037657955951585524,0.21628411397979797,0.03562351618716782
abdom_32x2x2,98,0.025184931272727272,0.003703518732228169,0.21646726096969696,0.03442346643745267
abdom_32x2x2,99,0.02519237952222222,0.0037111700090437863,0.21704695125252527,0.034411013957441755
abdom_32x2x2,100,0.02519181551313131,0.0037470984684461993,0.21730588145454546,0.034846048996044696
abdom_32x2x2,101,0.025184590234343433,0.0037476861370245424,0.21794106177777775,0.03455600714565093
abdom_32x2x2,102,0.02512523345050505,0.0036984591944354142,0.21793268769696972,0.03401371960893849
abdom_32x2x2,103,0.025009238185858585,0.0036802514809326265,0.2177415749090909,0.03429433307118478
abdom_32x2x2,104,0.02489612849292929,0.0036708552674213414,0.21800764531313133,0.034653678241449014
abdom_32x2x2,105,0.024797232828282827,0.003613747915991201,0.2184677568080808,0.03399515136441508
abdom_32x2x2,106,0.024721295254545455,0.003600848448636747,0.21867213927272727,0.03405873237393786
abdom_32x2x2,107,0.024647945171717173,0.003634388559946242,0.21853649918383838,0.033854985331430915
abdom_32x2x2,108,0.02454841905858586,0.0036801132363974477,0.21890779052525253,0.03386780668817363
abdom_32x2x2,109,0.02443813363838384,0.003663453496003744,0.21923514345454545,0.03333331152343939
abdom_32x2x2,110,0.02435277654949495,0.0036866628206260435,0.21976361303030303,0.03370523431341917
abdom_32x2x2,111,0.024259023650505054,0.0037159130116721467,0.21960304733333333,0.033854938993011306
abdom_32x2x2,112,0.024165693074747474,0.0037209847035580565,0.219690084,0.03322315701073504
abdom_32x2x2,113,0.024131514640404042,0.0037689166217358115,0.22049874953535353,0.03339775977176455
abdom_32x2x2,114,0.024082940637373738,0.003784197176167262,0.22155609408080806,0.033778915780516255
abdom_32x2x2,115,0.02400067741818182,0.0037736879121629016,0.222103470989899,0.033474676039554084
abdom_32x2x2,116,0.02387855742222222,0.00376914412526201,0.22210899331313133,0.03300837490472867
abdom_32x2x2,117,0.023732878446464645,0.0037258639474397875,0.22237567600000002,0.03325502780291998
abdom_32x2x2,118,0.02359705673131313,0.0037228713967865893,0.2224591395151515,0.033844471571068166
abdom_32x2x2,119,0.023421829382828285,0.003707102020578756,0.22255326317171717,0.03323891640447238
abdom_32x2x2,120,0.023230033652525253,0.0036891146592094863,0.22256122212121213,0.03320655256173833
abdom_32x2x2,121,0.023057585962626262,0.00370075768799077,0.22235648303030303,0.03345968365049323
abdom_32x2x2,122,0.02291336306161616,0.003658803804412314,0.22243343406060606,0.03353881483509355
abdom_32x2x2,123,0.02274150452323232,0.0036343577567564383,0.2225464577777778,0.03258034827309604
abdom_32x2x2,124,0.022596740666666667,0.003647465226089759,0.2230274726060606,0.032364172589992996
abdom_32x2x2,125,0.022475423174747475,0.003650886572872797,0.22259874127272727,0.03284118004263789
abdom_32x2x2,126,0.02236294822929293,0.003603396899503741,0.22308804048484848,0.03264406825774071
abdom_32x2x2,127,0.022281863204040405,0.00354319778819039,0.22328203856565657,0.03252363865361456
abdom_32x2x2,128,0.022187190648484848,0.003505716384539702,0.22327848735353534,0.032616068466940845
abdom_32x2x2,129,0.022065834503030304,0.0035170015528998033,0.22340680228282828,0.03300670889069204
abdom_32x2x2,130,0.021972841616161618,0.003524111705801726,0.22342595177777777,0.03334087600855686
abdom_32x2x2,131,0.021907937075757576,0.00348927597199362,0.22383561296969698,0.03355278755853973
abdom_32x2x2,132,0.02183136582323232,0.00341848589738114,0.22390059294949496,0.03306537824969245
abdom_32x2x2,133,0.02172945441818182,0.0033991847410978463,0.2240587835959596,0.03330257269072124
abdom_32x2x2,134,0.02167011992929293,0.003384549979380481,0.22373961060606062,0.03414182119865891
abdom_32x2x2,135,0.021659009694949497,0.0033954207337993114,0.2240133782020202,0.03417284023161292
abdom_32x2x2,136,0.021638161690909093,0.003380079738875327,0.2243023687878788,0.033967975214218356
abdom_32x2x2,137,0.021622479280808078,0.0033789701990641885,0.22445871644444446,0.03357291702608288
abdom_32x2x2,138,0.02159778292020202,0.0033532450816755803,0.22467762733333335,0.03396604111120927
abdom_32x2x2,139,0.0215770500020202,0.0033574911540616066,0.22464486983838386,0.033633539465280075
abdom_32x2x2,140,0.021528407538383837,0.0033377612476482863,0.22434604741414144,0.03299616179140161
abdom_32x2x2,141,0.021455445915151514,0.0033232694000258772,0.2237753036161616,0.032916848090089636
abdom_32x2x2,142,0.02140579351111111,0.003312749655246124,0.22338790165656566,0.03346354183190631
abdom_32x2x2,143,0.021374397113131313,0.003286902612037957,0.2236381313939394,0.03349667844439264
abdom_32x2x2,144,0.021368205612121213,0.003300925906367094,0.22368271905050505,0.03359766569249487
abdom_32x2x2,145,0.02137712875858586,0.003300981149154636,0.22358720236363636,0.03310743919487443
abdom_32x2x2,146,0.02135204258787879,0.003304909351336204,0.22331412755555555,0.03298389700570659
abdom_32x2x2,147,0.021340425240404044,0.0032845072984473973,0.2233560323232323,0.0327669990701961
abdom_32x2x2,148,0.02135033061111111,0.00330154667533017,0.22377684614141413,0.03272359395730745
abdom_32x2x2,149,0.021327211963636364,0.0033282112692446506,0.22417038545454546,0.03290790466922505
abdom_32x2x2,150,0.021313067473737377,0.0033457801317043497,0.22342166092929291,0.03308032980922306
abdom_32x2x2,151,0.021269969043434343,0.003297208152473649,0.2233589188888889,0.03294947111395111
abdom_32x2x2,152,0.021216266985858587,0.003278811179290296,0.22349819806060606,0.033061543852684123
abdom_32x2x2,153,0.021167922054545457,0.003278749181156881,0.22386263636363637,0.03341362428419569
abdom_32x2x2,154,0.021117905656565655,0.003244497703236475,0.22328791022222222,0.03343725464647111
abdom_32x2x2,155,0.02107739873030303,0.003178450895199264,0.22322872973737376,0.03268043010977177
abdom_32x2x2,156,0.021063246507070706,0.0031807731141836144,0.22300655359595958,0.03297950719859641
abdom_32x2x2,157,0.02102560289090909,0.0031515094878755276,0.22280985387878788,0.03302499343008691
abdom_32x2x2,158,0.021028459424242425,0.0031278304424714252,0.22294824503030303,0.03325072790518144
abdom_32x2x2,159,0.021008242702020202,0.003120683194591848,0.22334219563636365,0.03305621227629165
abdom_32x2x2,160,0.020980090429292927,0.0031398353828632,0.22376650226262626,0.03343307987724929
abdom_32x2x2,161,0.020985522420202022,0.003150315622244123,0.22414887133333333,0.03357748664874997
abdom_32x2x2,162,0.020987433724242423,0.0031573461756857994,0.22410591424242424,0.03396351547339934
abdom_32x2x2,163,0.020977679124242424,0.0031779608010674794,0.22412908739393939,0.034317950758995505
abdom_32x2x2,164,0.020950516427272727,0.003205140479394615,0.22380452098989898,0.034186465681539
abdom_32x2x2,165,0.020931852188888888,0.003223835524960959,0.2235820918787879,0.034060768608477676
abdom_32x2x2,166,0.020921251898989898,0.003212753019357907,0.22355719432323234,0.03348356599601119
abdom_32x2x2,167,0.020913519523232324,0.003245995619438773,0.22395989113939394,0.03387046072348859
abdom_32x2x2,168,0.02091110321919192,0.0032815369972857347,0.22401893957575758,0.03416077816257868
abdom_32x2x2,169,0.020885517117171716,0.003301294689576903,0.22426461933333333,0.03420330864060954
abdom_32x2x2,170,0.020882598475757578,0.0032939601737331918,0.22469891898989897,0.03410741966129026
abdom_32x2x2,171,0.020868246684848483,0.003288933632462489,0.22454859656565657,0.03436041872937659
abdom_32x2x2,172,0.02087149245151515,0.0032680386833918544,0.22476738927272727,0.034384469261454866
abdom_32x2x2,173,0.020830897673737376,0.003228855897219251,0.22491814670707072,0.03418331268249019
abdom_32x2x2,174,0.020792787774747475,0.0031944499402446237,0.22502016705050507,0.034177272827046364
abdom_32x2x2,175,0.02079000001111111,0.0031835982087718272,0.22502902674747474,0.03427746674409753
abdom_32x2x2,176,0.020781397915151514,0.0031433394191121436,0.22533455927272728,0.03368822089722043
abdom_32x2x2,177,0.020768158701010103,0.003148520131391972,0.22549091161616164,0.03402671328427941
abdom_32x2x2,178,0.020743351105050507,0.0031412780244667858,0.22559309076767675,0.034250495014588184
abdom_32x2x2,179,0.020713983257575758,0.003164275438726559,0.22574024248484847,0.03438753777199384
abdom_32x2x2,180,0.020697425106060603,0.003177024547014616,0.22603637125252524,0.03420388858532517
abdom_32x2x2,181,0.02068024917272727,0.003150857806401987,0.2266171503838384,0.03420358411668351
abdom_32x2x2,182,0.020683892214141415,0.0031569708623782246,0.2269794763838384,0.03433534060939527
abdom_32x2x2,183,0.020684984692929294,0.003186371449950106,0.22709445892929292,0.034135645031163654
abdom_32x2x2,184,0.0207132785979798,0.003211568558419298,0.22726883094949493,0.03426389971700411
abdom_32x2x2,185,0.020725194063636366,0.00318657844474679,0.22784843713131314,0.033905243917517515
abdom_32x2x2,186,0.02070338772929293,0.003161589019663268,0.22850516555555556,0.03358103145429467
abdom_32x2x2,187,0.020684489963636365,0.0031670244164885802,0.22891608773737374,0.033996259342990984
abdom_32x2x2,188,0.020672572694949497,0.00318814300130079,0.2288542013939394,0.03397506360792187
abdom_32x2x2,189,0.020658349083838384,0.003203290266408104,0.22896019321212122,0.03400286471922428
abdom_32x2x2,190,0.020637528355555556,0.0031924173570646057,0.2287904846868687,0.03338051377654191
abdom_32x2x2,191,0.02063077835757576,0.00317740550179535,0.22931759947474747,0.033600407288858276
abdom_32x2x2,192,0.02061102579191919,0.003196978161086115,0.22918422377777778,0.033737494261542315
abdom_32x2x2,193,0.020583902106060606,0.003222218258559202,0.22918540925252526,0.03324764567093455
abdom_32x2x2,194,0.020568763116161615,0.0032274584357728587,0.22938038838383837,0.033526746867269565
abdom_32x2x2,195,0.02055885413232323,0.0032000683532405843,0.22975001927272728,0.03334596870101386
abdom_32x2x2,196,0.02054879545050505,0.0031672612609851256,0.22983829397979796,0.03366872476436169
abdom_32x2x2,197,0.02053020357070707,0.0031481915168248644,0.23024453294949496,0.03392402360081699
abdom_32x2x2,198,0.02052811288989899,0.0031812499899684793,0.23041938185858585,0.03388115380707629
abdom_32x2x2,199,0.0205312680010101,0.00317597021094895,0.23064336195959598,0.03386981852710922
abdom_32x2x2,200,0.020538888256565656,0.003189336159377661,0.23084046785858586,0.03380093785688751
abdom_32x2x2,201,0.02056206237878788,0.0031944574325542545,0.23129273103030304,0.03321828720944107
abdom_32x2x2,202,0.020602328493939396,0.003218614259121665,0.231881964989899,0.033567530701260694
abdom_32x2x2,203,0.020643455015151514,0.00322592123262432,0.232288890020202,0.033416710005059795
abdom_32x2x2,204,0.02066132193333333,0.0032114950568073466,0.2326639332929293,0.03345448157219645
abdom_32x2x2,205,0.02068301644141414,0.0032135401400908196,0.23266528931313132,0.03344854700040109
abdom_32x2x2,206,0.02070972993838384,0.003231067649514042,0.2325719915151515,0.03431579965222937
abdom_32x2x2,207,0.020754154630303032,0.0032671918132622852,0.23304880513131312,0.03436720042959849
abdom_32x2x2,208,0.020778850226262625,0.003262510271857967,0.23362265525252524,0.034445968341056225
abdom_32x2x2,209,0.02079829204747475,0.003267705515721759,0.23393399123232322,0.03367821842557845
abdom_32x2x2,210,0.02082611061111111,0.0033022675562404437,0.23454390034343434,0.033946719157317805
abdom_32x2x2,211,0.020841747946464647,0.003305245808485779,0.23487324276767677,0.0338734661995376
abdom_32x2x2,212,0.02084142776161616,0.003297156790424419,0.23527249353535354,0.03411359954048299
abdom_32x2x2,213,0.020845657635353534,0.003302471003323352,0.23552700082828282,0.034483611001992036
abdom_32x2x2,214,0.020838286741414143,0.003293068810008197,0.23558653258585857,0.03466430216424193
abdom_32x2x2,215,0.020837750034343436,0.0033038348312970935,0.23624505793939396,0.03463968835634724
abdom_32x2x2,216,0.020868961717171716,0.0033243895029802985,0.23658119575757577,0.034986046224356235
abdom_32x2x2,217,0.02093773314949495,0.0033740286272182242,0.23670726238383838,0.035143030038079906
abdom_32x2x2,218,0.020965432261616162,0.003381146485890272,0.23666623864646466,0.03503472049883577
abdom_32x2x2,219,0.020983624143434344,0.0033461394613560408,0.23700801373737374,0.03490137011242786
abdom_32x2x2,220,0.021005297305050505,0.0033230901387023694,0.2377055598787879,0.03443174075840755
abdom_32x2x2,221,0.021024092344444443,0.003334967377130419,0.23781896353535353,0.03451915020960802
abdom_32x2x2,222,0.021061894598989897,0.003326081196889532,0.2378948531111111,0.03430340721479629
abdom_32x2x2,223,0.021078064343434344,0.0033332761849699443,0.23802080846464646,0.0339751925305965
abdom_32x2x2,224,0.021074339824242425,0.0033538849042227628,0.23817695880808082,0.034099048900204036
abdom_32x2x2,225,0.02109545461818182,0.003347260293233039,0.23890351428282827,0.03437265134928403
abdom_32x2x2,226,0.021091283844444444,0.003328016558201495,0.2393019793131313,0.03425013389213552
abdom_32x2x2,227,0.02108119718080808,0.0033182499222553312,0.23965445270707073,0.03448916551857314
abdom_32x2x2,228,0.0210712340020202,0.003306892034266413,0.24037789165656567,0.03478962100703991
abdom_32x2x2,229,0.021100419233333334,0.0033133495378651,0.241036572989899,0.034943463755452916
abdom_32x2x2,230,0.021096206724242426,0.0033017390925545896,0.2417418182020202,0.03506740561330983
abdom_32x2x2,231,0.02108154835757576,0.003289428453106305,0.24214868357575758,0.03504375644474112
abdom_32x2x2,232,0.02110937463131313,0.003238538694068042,0.2427810794141414,0.035166553826896506
abdom_32x2x2,233,0.021152726103030303,0.0032394328887296302,0.24353110973737374,0.035045072602388504
abdom_32x2x2,234,0.02114742197171717,0.0032322181623118842,0.24392503167676768,0.03510502671022276
abdom_32x2x2,235,0.021131566234343434,0.0031975828076775,0.24423603931313131,0.03491127582650777
abdom_32x2x2,236,0.02111014708484848,0.0031688941785120535,0.24428591612121214,0.03512203841623303
abdom_32x2x2,237,0.02110210658989899,0.003188028517312723,0.24459674462626263,0.035260570775841056
abdom_32x2x2,238,0.02104755881212121,0.0032014633279738498,0.24506980389898989,0.03560190211083072
abdom_32x2x2,239,0.021015897926262624,0.0031955992000148327,0.2457817582020202,0.035540602133102624
abdom_32x2x2,240,0.020991339307070707,0.003209463468627395,0.24664120987878788,0.03524684476681305
abdom_32x2x2,241,0.020960123215151515,0.003209676810210903,0.24764876707070707,0.034991474409625474
abdom_32x2x2,242,0.020939435616161618,0.003191420009274406,0.24798702806060607,0.03517941563374668
abdom_32x2x2,243,0.020896940214141412,0.003184761916071154,0.2485795008282828,0.03526976384201259
abdom_32x2x2,244,0.020875542182828284,0.0031949892352527683,0.249414491010101,0.03536075547465161
abdom_32x2x2,245,0.020846667630303028,0.0031881139992094047,0.25027766476767677,0.03523056540994861
abdom_32x2x2,246,0.020820052721212123,0.0031847119792572285,0.2510385764848485,0.03546719635832056
abdom_32x2x2,247,0.02081570919090909,0.0031896135958837447,0.2515826113535354,0.035771664552997816
abdom_32x2x2,248,0.02081764164848485,0.0031905205173821003,0.25228533808080805,0.03556320818889738
abdom_32x2x2,249,0.020805717186868685,0.003169038469997692,0.2525438166060606,0.03534072116027994
abdom_32x2x2,250,0.02085435823030303,0.0031527969465688917,0.25319165826262624,0.03545310725468772
abdom_32x2x2,251,0.020930998068686868,0.0031502402820726117,0.25365512589898986,0.03544479367282418
abdom_32x2x2,252,0.021011497583838384,0.003178179681109785,0.2544730791919192,0.035163986832696885
abdom_32x2x2,253,0.021146641923232325,0.003197914607505572,0.2550802927070707,0.03501384661800599
abdom_32x2x2,254,0.021338251921212123,0.0032313099878590198,0.2561523383434343,0.035059343013083055
abdom_32x2x2,255,0.02113835063838384,0.00310513187150044,0.24071573066666666,0.040974695745533016
abdom_32x8x8,0,0.007207164155151515,0.0032198244590294846,0.04972076242828283,0.02494584530300227
abdom_32x8x8,1,0.007781167195757575,0.0033355941675560523,0.0572563636969697,0.02400522911009238
abdom_32x8x8,2,0.007771532334545455,0.003274467766585902,0.05738155992121212,0.0238693602030565
abdom_32x8x8,3,0.007811932594141414,0.003388347610141065,0.057459942666666666,0.023863822040973884
abdom_32x8x8,4,0.007851045016363637,0.0034263360134590463,0.05775255968282828,0.023567999996710973
abdom_32x8x8,5,0.007882116951515151,0.0034135012810887193,0.057823334034343435,0.023813919253820173
abdom_32x8x8,6,0.007880059072929293,0.003349833213570507,0.05789457696161616,0.023782473305499246
abdom_32x8x8,7,0.007936378562626262,0.003403915020904611,0.05819815486868687,0.02399540485144978
abdom_32x8x8,8,0.008003757573131313,0.0034356683901243033,0.05865799864646465,0.024147000517214145
abdom_32x8x8,9,0.008054051051111111,0.0034205600630231405,0.059088366446464646,0.024279823961893245
abdom_32x8x8,10,0.008098617341010101,0.0034158915163396597,0.059222554648484846,0.024278593835156785
abdom_32x8x8,11,0.00812530441010101,0.0034617052324183994,0.05920710056161616,0.02411074723057658
abdom_32x8x8,12,0.008154927354747474,0.003480594684146247,0.05929632974949495,0.02431176093048151
abdom_32x8x8,13,0.008177055103636364,0.0034355685441784314,0.059528098214141414,0.024368392208295016
abdom_32x8x8,14,0.008189555799797979,0.0034124166962248435,0.059843814664646465,0.024242264206340743
abdom_32x8x8,15,0.008250008453535353,0.003454524775631627,0.06019952093535354,0.024992556547394806
abdom_32x8x8,16,0.008294817681212121,0.0034720347740979174,0.060549441060606064,0.025091725326479124
abdom_32x8x8,17,0.008313222138787879,0.00342368274614878,0.060427927284848484,0.024706123533058448
abdom_32x8x8,18,0.008312855121818181,0.003410361451055737,0.06070570255353535,0.024728635053633215
abdom_32x8x8,19,0.008319734438585857,0.003430476227136765,0.06053649984040404,0.024483915706164133
abdom_32x8x8,20,0.00832901251939394,0.0033651415396059206,0.060518615004040405,0.024435392747401825
abdom_32x8x8,21,0.008371944574343435,0.003256651343027376,0.06069726614747475,0.023921622917867345
abdom_32x8x8,22,0.008417238400606061,0.003308591543260268,0.06122790085656566,0.02457652686390256
abdom_32x8x8,23,0.008413404348686869,0.003370105808531878,0.06118211809494949,0.0249157557824206
abdom_32x8x8,24,0.008387395328888889,0.0033305244632280814,0.06099695133737374,0.024634640811894048
abdom_32x8x8,25,0.008396588147676768,0.003252886206165051,0.061067474995959596,0.024274832121656032
abdom_32x8x8,26,0.008387439608282829,0.003222242337605149,0.060905448537373744,0.024472063986670605
abdom_32x8x8,27,0.00837429945090909,0.003231988298043116,0.0608155698969697,0.02458837718459112
abdom_32x8x8,28,0.008401408046262625,0.003229579629485214,0.0608707059959596,0.024108387913197925
abdom_32x8x8,29,0.008425387657979799,0.0031951807127444504,0.061142733484848485,0.024574378822860933
abdom_32x8x8,30,0.008414159831919192,0.0031365792668349855,0.061107098230303025,0.02457604964537726
abdom_32x8x8,31,0.008391558758383839,0.003121720532295305,0.06109198743434344,0.024495208923462193
abdom_32x8x8,32,0.008405085646060607,0.0031716615476138125,0.061134836133333335,0.024667919337552517
abdom_32x8x8,33,0.008398610457373737,0.0031294174891378446,0.0611182599050505,0.02440823399157861
abdom_32x8x8,34,0.008365820431313132,0.0030260761758110453,0.06134338001414141,0.024407844190838728
abdom_32x8x8,35,0.00835369024080808,0.003000372491524748,0.061196618589898985,0.024460326816838976
abdom_32x8x8,36,0.008346878312525252,0.003046226434273207,0.06110301526868687,0.02466711944708925
abdom_32x8x8,37,0.008338450406060606,0.003015084958730735,0.061055185498989896,0.02432981743488025
abdom_32x8x8,38,0.008310796911515152,0.0029708847103640003,0.06122472083434343,0.024545970036331143
abdom_32x8x8,39,0.008307311556767677,0.002980905849847365,0.06148911038989899,0.024495272305225576
abdom_32x8x8,40,0.008302039782222222,0.0030040578512511,0.061854559703030304,0.02474093523845061
abdom_32x8x8,41,0.008267151201414141,0.0029629662352860576,0.06172291109090909,0.024629178210994827
abdom_32x8x8,42,0.008220550650101011,0.0029073077663604877,0.061396594450505056,0.024537071443034453
abdom_32x8x8,43,0.008209397866060605,0.0029179212788295688,0.06174310920404041,0.0247361918127795
abdom_32x8x8,44,0.00819527081131313,0.0029345411049269358,0.06163796651717172,0.024249400101894674
abdom_32x8x8,45,0.00816796508969697,0.0029394986383063496,0.06162619536767677,0.024785244443309
abdom_32x8x8,46,0.008140792561010102,0.0029180914960714663,0.06154338198383839,0.024552764503401072
abdom_32x8x8,47,0.008119591626060605,0.002910008109654367,0.06141098207272727,0.024520236017821204
abdom_32x8x8,48,0.008098346826060606,0.0029084212588442572,0.061454501084848484,0.02470288975717852
abdom_32x8x8,49,0.008065068371515152,0.002891490361962856,0.061043718262626265,0.024367157412626284
abdom_32x8x8,50,0.008043725956565656,0.0028571960983421103,0.061238135656565655,0.024540377966105132
abdom_32x8x8,51,0.00804639823919192,0.0028877925307477415,0.061151007301010106,0.02463108600823991
abdom_32x8x8,52,0.008024741656565656,0.0028863916882381157,0.06094294273333333,0.024338269122432806
abdom_32x8x8,53,0.008015355925858586,0.002897596898725247,0.060482616703030304,0.024582710518559352
abdom_32x8x8,54,0.008011741965050506,0.002822841915885603,0.06016172520606061,0.02397364690674728
abdom_32x8x8,55,0.007993859094141414,0.0027981407351678404,0.05997732814141415,0.023954671982762583
abdom_32x8x8,56,0.00799566325151515,0.0028293962826705433,0.060215032111111115,0.024380101070007182
abdom_32x8x8,57,0.007994331792525252,0.0028329530449123334,0.06049569504444444,0.024786341535023213
abdom_32x8x8,58,0.007998916791313131,0.002752395616594362,0.06047878298787879,0.024018308826240668
abdom_32x8x8,59,0.007992870936969697,0.00273974656939867,0.06004087142222222,0.023712489589532183
abdom_32x8x8,60,0.007999872512121212,0.002850286580458135,0.05984407115757576,0.02353219750136269
abdom_32x8x8,61,0.007993182292525252,0.0028409067451228183,0.05976202457575757,0.023472600547027985
abdom_32x8x8,62,0.008030684297171718,0.0027879503198143187,0.05988901042020202,0.023625126602451054
abdom_32x8x8,63,0.00806047570949495,0.002760858600549567,0.05968843558181818,0.023578848461339487
abdom_32x8x8,64,0.008069350591111111,0.002853557388789328,0.06000487975959596,0.024468319872864464
abdom_32x8x8,65,0.008069595377373737,0.0028963256347308403,0.05972506593131313,0.024599518995493515
abdom_32x8x8,66,0.008123476866262627,0.002861527497234949,0.06006448938383838,0.024677985666044337
abdom_32x8x8,67,0.00816994142121212,0.002845611517579927,0.059936563044444446,0.024372382822141398
abdom_32x8x8,68,0.008183499493535354,0.002912888276884224,0.05987992999595959,0.024691038386669813
abdom_32x8x8,69,0.00818187125979798,0.0029309739315377397,0.05986145438181818,0.024486963339045067
abdom_32x8x8,70,0.008208704147474747,0.0029200270290154896,0.05965470796161616,0.02459181279036701
abdom_32x8x8,71,0.008232477931919191,0.0029279319944641793,0.05954553605656566,0.024891437194942946
abdom_32x8x8,72,0.008238270634949495,0.0029564726290827125,0.05951588131717171,0.025369390574164298
abdom_32x8x8,73,0.008262296275151515,0.003024953074837507,0.059622295761616165,0.025757463863682453
abdom_32x8x8,74,0.008320691982424243,0.0030198749559189582,0.059524136745454544,0.02562042061285002
abdom_32x8x8,75,0.008353996703636363,0.003012237419621441,0.059246744034343435,0.02536013870667788
abdom_32x8x8,76,0.008349097454747476,0.0030121482455641095,0.058986199727272724,0.025172705005964656
abdom_32x8x8,77,0.008367905404848485,0.003057501596010107,0.058837453424242424,0.02526878141826367
abdom_32x8x8,78,0.00842241077818182,0.0030427026761527423,0.05885043419393939,0.02490035389609137
abdom_32x8x8,79,0.00845575527111111,0.0030351760508387253,0.05849634810909091,0.02479767930380415
abdom_32x8x8,80,0.00846721372909091,0.0030518184058764162,0.05860447724848485,0.024721998643052294
abdom_32x8x8,81,0.008468767445252524,0.003041553411187734,0.058277230622222224,0.02423462619064841
abdom_32x8x8,82,0.00848952695878788,0.002952302448904968,0.05814572549898989,0.02431740650638613
abdom_32x8x8,83,0.008522604793535353,0.00299044968414743,0.05804327382626263,0.024460408695569445
abdom_32x8x8,84,0.008536394795353536,0.003027892798274111,0.057931804153535355,0.025034686234276935
abdom_32x8x8,85,0.008561990423030302,0.003019295901066019,0.057908651864646464,0.025012763412285074
abdom_32x8x8,86,0.008564549464444444,0.0029852101632000866,0.057595834359595956,0.02485303538067484
abdom_32x8x8,87,0.008577174397171717,0.002993596414709064,0.05779096953131313,0.024795432109844882
abdom_32x8x8,88,0.008583154656767678,0.0030132782253059374,0.05758303757777778,0.02499874703885375
abdom_32x8x8,89,0.008584853345454547,0.0029721261917560414,0.05748582032323232,0.024990923687251403
abdom_32x8x8,90,0.008596296224848485,0.0029371373158679753,0.05720138704848485,0.02516449695471967
abdom_32x8x8,91,0.008585149542626262,0.0029238468509420468,0.05689018633535354,0.025028850476038547
abdom_32x8x8,92,0.008598448121616161,0.002954595475949793,0.05699993148686869,0.025210954704976255
abdom_32x8x8,93,0.008615253649292928,0.0029699353038099723,0.057033165474747474,0.025100930667213403
abdom_32x8x8,94,0.008593764408080809,0.002938809005372364,0.05669418822828283,0.025457281604559866
abdom_32x8x8,95,0.008546783144646465,0.0029013988043393155,0.056169380494949496,0.02512523527976863
abdom_32x8x8,96,0.008519953144848484,0.0029115840381076495,0.05580177461818182,0.024640760035068678
abdom_32x8x8,97,0.008487238914545454,0.002907224980011004,0.05531838096161616,0.024745174499561186
abdom_32x8x8,98,0.008437520764646465,0.0027866692517462717,0.055046594258585865,0.02438284552443685
abdom_32x8x8,99,0.008414198688484848,0.0027822719270499045,0.0549427857979798,0.024496901754760814
abdom_32x8x8,100,0.008379910572323231,0.0028060970850191684,0.05483989672929293,0.02459766316154511
abdom_32x8x8,101,0.008375488314141415,0.0028196630674352016,0.05497386679595959,0.0250305075813701
abdom_32x8x8,102,0.008352024423030303,0.002740787861819919,0.054628726385858584,0.02467360822887642
abdom_32x8x8,103,0.008296456082020202,0.0027466735068145533,0.054434187739393944,0.02462215501524904
abdom_32x8x8,104,0.008258659335757576,0.002756539971037751,0.0544152686969697,0.024750933096434623
abdom_32x8x8,105,0.008216227224646464,0.0027007678915119777,0.05430995090808081,0.024882716139858874
abdom_32x8x8,106,0.008166447203434344,0.002694071760447414,0.053961223630303035,0.024832116577170958
abdom_32x8x8,107,0.008123577642626261,0.002685362909319519,0.053757416111111116,0.024534526938878108
abdom_32x8x8,108,0.008078311956161616,0.0026672842361715673,0.053695132705050504,0.024990426768747766
abdom_32x8x8,109,0.00804712557959596,0.0026354867155925755,0.053823083838383835,0.02495591376314179
abdom_32x8x8,110,0.008018826983030303,0.0026394594396563975,0.05367486161414141,0.024775006040289448
abdom_32x8x8,111,0.007961159837373737,0.002620902650093062,0.05375536584242425,0.024742432544316764
abdom_32x8x8,112,0.007898149824242424,0.0025510797086545013,0.05358929342828283,0.024874841333286785
abdom_32x8x8,113,0.00788915935959596,0.0025542722228686205,0.05351501740606061,0.024868523786916875
abdom_32x8x8,114,0.007885013922626262,0.0025883041220458565,0.05364923782020202,0.024815998587399513
abdom_32x8x8,115,0.007858758952323233,0.0025826110147505812,0.053703774634343435,0.025113003051213036
abdom_32x8x8,116,0.007809073773535354,0.0025508481602317906,0.0539243160989899,0.025028411958160596
abdom_32x8x8,117,0.00776346849939394,0.002541943173949771,0.0536715644060606,0.025095012339421005
abdom_32x8x8,118,0.007740133547676767,0.0025574120263158837,0.05360267635656566,0.024731426557966184
abdom_32x8x8,119,0.007675374449090909,0.002515573569568795,0.05381318614141414,0.024828386716870543
abdom_32x8x8,120,0.007610626886868687,0.002500336160655918,0.053535753909090905,0.024755716599456048
abdom_32x8x8,121,0.007561525507676768,0.002476421655555375,0.05320902503030303,0.024223112267156312
abdom_32x8x8,122,0.00752762067050505,0.0024590183836055387,0.053379982082828285,0.024327199852593233
abdom_32x8x8,123,0.007490025665454546,0.0024411910420050146,0.053445600777777776,0.02439585542913406
abdom_32x8x8,124,0.0074515965412121216,0.0024299870728459304,0.05340752478787879,0.024180592780994655
abdom_32x8x8,125,0.007421811398585859,0.002432759468611403,0.05345361675555556,0.023749804885669266
abdom_32x8x8,126,0.007390097978989899,0.0024399356671066332,0.05338630802424242,0.023916200162645798
abdom_32x8x8,127,0.007377439232727273,0.0024448193461395636,0.05335606967070707,0.024178439376537637
abdom_32x8x8,128,0.0073610543171717165,0.002429962718871527,0.053565680296969696,0.02431388232138733
abdom_32x8x8,129,0.007333610191111111,0.0024212948543063193,0.05362069527878788,0.02421488079589755
abdom_32x8x8,130,0.007304204570101011,0.0024022909733220957,0.05341412065858586,0.02415702551215713
abdom_32x8x8,131,0.007286065986666666,0.002405907419787318,0.05351981765858586,0.024403561101782954
abdom_32x8x8,132,0.007270968483636364,0.0023952810641214143,0.053344039822222224,0.02414155587965345
abdom_32x8x8,133,0.007256648112929293,0.002415466691965266,0.053579046608080806,0.023962388980405272
abdom_32x8x8,134,0.0072306203963636365,0.002431076455786799,0.05347835973535353,0.023961603193939345
abdom_32x8x8,135,0.007225946856969697,0.002444135068748046,0.05360767798383838,0.02399803378289774
abdom_32x8x8,136,0.007224542455959596,0.0024235761517281394,0.053750217098989896,0.024133658624472587
abdom_32x8x8,137,0.007228567835555555,0.002429802932514627,0.053618314244444444,0.023814906357179828
abdom_32x8x8,138,0.0072156295672727265,0.002464705984435708,0.05352526841616162,0.02403366860520735
abdom_32x8x8,139,0.0072221066367676775,0.0024768532594250502,0.05391140116565656,0.024386146254577988
abdom_32x8x8,140,0.007192883405050505,0.0024357655839467637,0.0536694700949495,0.024216349756387166
abdom_32x8x8,141,0.007157294716969697,0.0024306674846385746,0.05340473008282828,0.02415813123416295
abdom_32x8x8,142,0.007116771198989899,0.002426867846218802,0.05272023718181818,0.023495396118330077
abdom_32x8x8,143,0.0070885585036363635,0.0024175979727585374,0.05241490865050505,0.023328518596118814
abdom_32x8x8,144,0.00708214045939394,0.0024266155237792878,0.05254070498585859,0.02398934971666325
abdom_32x8x8,145,0.007085115207878788,0.0024251928991048366,0.05235519567676768,0.023235309149834567
abdom_32x8x8,146,0.007067582363232324,0.0024218994228960193,0.05202680249090909,0.0230398070895139
abdom_32x8x8,147,0.007048295215959596,0.0024117170569935465,0.05194751678080808,0.022980714774163972
abdom_32x8x8,148,0.007040846167070707,0.002421226263776579,0.05198810562424242,0.022748250870781077
abdom_32x8x8,149,0.007023717734949495,0.002435822824740196,0.05180188738181818,0.022840514012829265
abdom_32x8x8,150,0.007013567358787879,0.002427589452698322,0.0514520596040404,0.02281054750821978
abdom_32x8x8,151,0.007004872654141414,0.002395779015423666,0.051307517862626266,0.022302626692644805
abdom_32x8x8,152,0.006998030014141414,0.0024062422905624476,0.051217527850505054,0.022227756139530333
abdom_32x8x8,153,0.0069911661121212125,0.002422108727063784,0.05109056587272727,0.02208508757723221
abdom_32x8x8,154,0.00696848429030303,0.002429790687127822,0.05077319078989899,0.022436367363497696
abdom_32x8x8,155,0.006948715182222223,0.0023764326927701433,0.05068266892121212,0.02188959910332822
abdom_32x8x8,156,0.0069529489406060605,0.0023934332346609763,0.05056572181616161,0.021790658877405354
abdom_32x8x8,157,0.006929761570909091,0.0024142349179687816,0.050143073856565655,0.021786400998453984
abdom_32x8x8,158,0.006930586492121213,0.002426320776491684,0.0499787670989899,0.021902315087742263
abdom_32x8x8,159,0.0069458575985858586,0.002422305856156033,0.05007923078181818,0.02198719508122597
abdom_32x8x8,160,0.00694197513959596,0.002427714965077346,0.05017307816969697,0.02207319141998106
abdom_32x8x8,161,0.006943580934141414,0.0024613169884521286,0.05027606216565656,0.022207284648662964
abdom_32x8x8,162,0.006937608146868687,0.002454243412586188,0.04991512029696969,0.022299373763042533
abdom_32x8x8,163,0.006921802876767677,0.002451148535055916,0.05014894378383838,0.02223237196267471
abdom_32x8x8,164,0.00691064762060606,0.002454053711654137,0.049499678935353536,0.021742074119300653
abdom_32x8x8,165,0.006900886264040404,0.002443992839963607,0.04930530748686869,0.021513900765910657
abdom_32x8x8,166,0.006881262107878788,0.002420245400494873,0.049270054442424244,0.021732200031068988
abdom_32x8x8,167,0.006883806976161616,0.002448301555013466,0.049352762882828284,0.02195175945325221
abdom_32x8x8,168,0.006895282422020202,0.002471938224821263,0.049086355789898985,0.021578544006411758
abdom_32x8x8,169,0.006880588785252525,0.002462252119578772,0.04905282549292929,0.0216772754829319
abdom_32x8x8,170,0.006883278389090909,0.0024367891646151145,0.049080896901010106,0.021670066432811913
abdom_32x8x8,171,0.006875010171515152,0.002429738323432317,0.04884723101818182,0.021443334007230506
abdom_32x8x8,172,0.0068799166393939395,0.0024507349329513334,0.048798881501010104,0.021236427954392085
abdom_32x8x8,173,0.0068571080842424244,0.0024375087838224884,0.04864087833939394,0.02126747632700961
abdom_32x8x8,174,0.006860061652727273,0.0024140543338741693,0.04860795335959596,0.02105880261253797
abdom_32x8x8,175,0.006879092095959596,0.0024256044303107805,0.048427601983838386,0.021200868494014667
abdom_32x8x8,176,0.006878630374141413,0.0024326128655381553,0.04841580355959595,0.021231583879480372
abdom_32x8x8,177,0.006878185737171717,0.0024457713313762444,0.04832496658181819,0.021185210882693806
abdom_32x8x8,178,0.0068616462125252525,0.0024084780245932805,0.048234946327272724,0.020954029181013124
abdom_32x8x8,179,0.0068667650719191915,0.002415676348201512,0.047980248232323226,0.020688970157850397
abdom_32x8x8,180,0.0068701451391919195,0.0024310477956675136,0.048107535492929294,0.02055370453399875
abdom_32x8x8,181,0.006876995545050505,0.0024296502845214877,0.04820355453131313,0.020821397223628007
abdom_32x8x8,182,0.006882589334545454,0.0024413903766732654,0.048461921034343436,0.02112301387496348
abdom_32x8x8,183,0.006887452826666667,0.0024497474273078765,0.04825409720808081,0.02075149329559215
abdom_32x8x8,184,0.006909703373131313,0.002463692854927681,0.04849133390707071,0.020995114617334117
abdom_32x8x8,185,0.006926794935757576,0.0024408892748280023,0.04867143581414141,0.02097607616136055
abdom_32x8x8,186,0.0069397367454545455,0.002438465473836991,0.0488132674949495,0.02124767911573184
abdom_32x8x8,187,0.00694170641050505,0.002459159270908266,0.0490416395030303,0.02136887452143183
abdom_32x8x8,188,0.00693566491010101,0.002467089788274285,0.04887727012323232,0.021261683931907673
abdom_32x8x8,189,0.0069397779309090905,0.0024570693310495798,0.04909123866767677,0.021534728117840077
abdom_32x8x8,190,0.006933429334343434,0.00243553249181563,0.04883169942020202,0.02112552569437935
abdom_32x8x8,191,0.006949235008686869,0.0024225285966821583,0.0490470419959596,0.02086282027873258
abdom_32x8x8,192,0.006948786338383838,0.002436703311630052,0.048926993286868684,0.02097900081804653
abdom_32x8x8,193,0.006953116644242424,0.002429625843675198,0.04885833184141414,0.02057716366066086
abdom_32x8x8,194,0.0069690384684848485,0.0024416400578607437,0.04905936844545455,0.021103405458810093
abdom_32x8x8,195,0.006980127491313131,0.00243921463405101,0.04932031451010101,0.02109958234165322
abdom_32x8x8,196,0.006969854665858586,0.0024233222604351672,0.049273633959595955,0.020903691958856316
abdom_32x8x8,197,0.006979103714747475,0.0024291060427542306,0.04945910144646464,0.020616344863963052
abdom_32x8x8,198,0.007000225854747475,0.0024356535396224243,0.049493830955555554,0.020703533773436145
abdom_32x8x8,199,0.0070153750523232325,0.0024336489574044453,0.049621002286868686,0.020768054453168115
abdom_32x8x8,200,0.007022089165252525,0.002419243535304129,0.0496751460969697,0.020569904627182774
abdom_32x8x8,201,0.007047339382828283,0.002416690030733085,0.04990057527474748,0.02044154090198547
abdom_32x8x8,202,0.007067710563232323,0.002456735665308055,0.05037939621212121,0.021091806226751247
abdom_32x8x8,203,0.007094542812323233,0.0024419368721571495,0.050704912652525254,0.02090622880078428
abdom_32x8x8,204,0.007113762859797979,0.0024306729837265052,0.05103403228080808,0.020824143573906825
abdom_32x8x8,205,0.00710969215959596,0.0024381991328493325,0.05110657604545455,0.021172091941635628
abdom_32x8x8,206,0.007110724779191919,0.002445796093846792,0.051176168636363636,0.021066749505181833
abdom_32x8x8,207,0.0071431552767676765,0.0024730745300403853,0.05155955591919192,0.02123049556767886
abdom_32x8x8,208,0.007135974464848485,0.002450799801546518,0.05170362198181818,0.020839515794459196
abdom_32x8x8,209,0.007151166978181819,0.002458644564166763,0.05215397215959596,0.02098696165049529
abdom_32x8x8,210,0.007163756063434343,0.0024793629857232727,0.052153435884848484,0.02140575919485263
abdom_32x8x8,211,0.007161942851313131,0.002466045390325197,0.052027577464646466,0.021093203030548426
abdom_32x8x8,212,0.007135931110505051,0.0024337928749700332,0.051952103226262626,0.020963465245433074
abdom_32x8x8,213,0.00712887882969697,0.002430363109573687,0.051893080565656564,0.020603572865916207
abdom_32x8x8,214,0.00711617567979798,0.0024260327352950786,0.051802734703030304,0.020389536076613455
abdom_32x8x8,215,0.007104049647272727,0.0024314558180184936,0.05231752535353536,0.02065204562785136
abdom_32x8x8,216,0.007086914402828283,0.0024365392296347875,0.05226839402828283,0.020545427140336445
abdom_32x8x8,217,0.007089087180606061,0.002445085983116719,0.05237434893535354,0.020415960197478808
abdom_32x8x8,218,0.0070685694545454545,0.0024355523579812364,0.05249280290505051,0.020388373328906206
abdom_32x8x8,219,0.007035115272929293,0.002413177568782186,0.05240770881212121,0.02059846804914666
abdom_32x8x8,220,0.007016758872323232,0.0024074186776668395,0.05269952029292929,0.020551608698537373
abdom_32x8x8,221,0.007000375479595959,0.0024083342850396493,0.05256567222828283,0.020075381061864076
abdom_32x8x8,222,0.006975985756767677,0.0024239241783111883,0.052391145884848486,0.02016778040398479
abdom_32x8x8,223,0.0069321095395959605,0.0024219084178293466,0.052527559274747476,0.020353780023199923
abdom_32x8x8,224,0.006902874178585859,0.002408375543731911,0.0525688075010101,0.01982257444405849
abdom_32x8x8,225,0.006891586506262626,0.002431266807280471,0.052769642652525255,0.019983728508913983
abdom_32x8x8,226,0.006848780802424242,0.002428902496422427,0.052897900802020205,0.02006757836815536
abdom_32x8x8,227,0.006802023533939394,0.0024086498629245856,0.05282905858181818,0.019810405967811393
abdom_32x8x8,228,0.006766924787272728,0.0024101739209220745,0.05292748895353536,0.01999524256440508
abdom_32x8x8,229,0.006748910364848484,0.002440853751252917,0.05308942757979798,0.019967280268913253
abdom_32x8x8,230,0.0067043785127272725,0.00244985086689088,0.05296122978383838,0.02047777051905428
abdom_32x8x8,231,0.0066507874153535354,0.0024476841447710297,0.05265693897575758,0.02038032689090264
abdom_32x8x8,232,0.0066271676230303025,0.002448218227595106,0.052639214753535356,0.020068050905503856
abdom_32x8x8,233,0.0065902401266666666,0.0024516693490212525,0.052987650816161615,0.020250548194622162
abdom_32x8x8,234,0.006522897778383838,0.0024148735856225696,0.05255306909090909,0.01999739765756998
abdom_32x8x8,235,0.0064397651763636364,0.0023535772528732,0.051916817563636364,0.019630709070644084
abdom_32x8x8,236,0.006369059514949495,0.0023343432565651767,0.05155833938787879,0.0192960382275363
abdom_32x8x8,237,0.006312482748888889,0.0023532214863517227,0.05101745958383839,0.01880010201798094
abdom_32x8x8,238,0.006252469254747475,0.00234527877455602,0.05111551223232323,0.019291989882080196
abdom_32x8x8,239,0.006198139214949496,0.002307360645774791,0.050885025997979796,0.019525426175234156
abdom_32x8x8,240,0.006141636147272727,0.0023002942560186417,0.0510402575010101,0.019071835510656485
abdom_32x8x8,241,0.006091272162222222,0.002302911059144105,0.05084017382828283,0.019020373156593863
abdom_32x8x8,242,0.006044462183434344,0.002262758533510993,0.050376927779797985,0.018776545213101327
abdom_32x8x8,243,0.005979292418181818,0.0022240009423659607,0.05014280961616162,0.018299112917121867
abdom_32x8x8,244,0.005930104234343435,0.002194045434664033,0.04982655425252525,0.01805552121964052
abdom_32x8x8,245,0.005878912803838384,0.0021671663436592156,0.04954091737777778,0.017450009693443794
abdom_32x8x8,246,0.005832402712323232,0.0021353590493387335,0.04924923070505051,0.01761188855753294
abdom_32x8x8,247,0.0057983581139393935,0.002121882011115074,0.0489053948040404,0.01732748375007312
abdom_32x8x8,248,0.005754659941616161,0.002089315474348246,0.048762033696969694,0.01761994236908935
abdom_32x8x8,249,0.005686135994747475,0.002010717165863786,0.04833679554949495,0.016860557163121927
abdom_32x8x8,250,0.0056498686393939394,0.0019643633454583657,0.04797422664646465,0.016584663249424137
abdom_32x8x8,251,0.005641501381616162,0.001963582577248788,0.04769749642626263,0.016612492649170023
abdom_32x8x8,252,0.005623049693333333,0.0019456979791926724,0.04766174398989899,0.016075344370313528
abdom_32x8x8,253,0.005583950667676768,0.001868179128873219,0.04748826118585859,0.0157790522585774
abdom_32x8x8,254,0.005583968665858586,0.0018339804404313754,0.04721251438787879,0.015611749697136796
abdom_32x8x8,255,0.00537684828949495,0.001594971161436238,0.04011958673939394,0.015713156822626074
brain_32x2x2,0,0.0,0.0,0.0,0.0
brain_32x2x2,1,0.0,0.0,0.0,0.0
brain_32x2x2,2,2.679325944444444e-06,4.516623777605928e-05,0.0003767555013888889,0.006907490891329848
brain_32x2x2,3,2.7859350694444445e-06,4.594045975469998e-05,0.000312555375,0.005645918258692018
brain_32x2x2,4,1.1751906180555557e-05,0.00010961818996910469,0.0014758786708333332,0.013542014060729577
brain_32x2x2,5,1.2479719458333333e-05,0.00011356779587958781,0.0012656827652777777,0.012054723224047353
brain_32x2x2,6,1.3773778055555556e-05,0.00012507385445612314,0.0010493168805555556,0.009909652495937797
brain_32x2x2,7,3.5975312555555555e-05,0.0002427801834755743,0.0025032792819444445,0.016233179790278565
brain_32x2x2,8,3.9390215e-05,0.0002614781616742533,0.0023623567902777776,0.014908171580756715
brain_32x2x2,9,0.00010324569538888889,0.0005105720071596037,0.004919113261111111,0.019827831074872963
brain_32x2x2,10,0.0001034731234861111,0.0004946161192810161,0.004681811948611111,0.01939176649720632
brain_32x2x2,11,0.000267560683375,0.000813282094494562,0.012537316387499999,0.030511245929602738
brain_32x2x2,12,0.000264670692625,0.0007780477731812098,0.011913918712499999,0.029331700446537722
brain_32x2x2,13,0.00058168956175,0.0012255624985314027,0.022823499043055553,0.0393870932466725
brain_32x2x2,14,0.0005685193186249999,0.0011464457985878632,0.022167505829166666,0.036894933855021926
brain_32x2x2,15,0.0011282753044027777,0.0016629290881883547,0.03478504623888889,0.04029608022970341
brain_32x2x2,16,0.0010860897399166667,0.001544942808236229,0.034212770090277775,0.04002693171975717
brain_32x2x2,17,0.0020404020263472223,0.0022057451222142065,0.05080440017361111,0.040289747927957725
brain_32x2x2,18,0.0019665870562083332,0.0020402585339686424,0.04770536851111111,0.03724086814450517
brain_32x2x2,19,0.0031683033550277775,0.0025626478924338767,0.06581113615972221,0.037143099680086
brain_32x2x2,20,0.003128637641902778,0.0024212500289104055,0.059277382030555555,0.03454772070536122
brain_32x2x2,21,0.003112034025166667,0.0023378750262228174,0.06403036175416667,0.03595389389654926
brain_32x2x2,22,0.004562591688708333,0.002563630782924096,0.06937346018194444,0.02831912993081975
brain_32x2x2,23,0.0043383409652916665,0.002399787003793316,0.07462259170277778,0.03038617719160411
brain_32x2x2,24,0.005930819518750001,0.002430617625399405,0.07908903821805556,0.024298618412543074
brain_32x2x2,25,0.005536249525722223,0.0022684744366410345,0.08458801485555556,0.025949539849328858
brain_32x2x2,26,0.007064061236527778,0.002162401224530503,0.08700670569166666,0.02217529474747093
brain_32x2x2,27,0.006580269370319445,0.0020360447394554937,0.09035850117777779,0.02248673294945153
brain_32x2x2,28,0.00788071969276389,0.001931947149125903,0.09476766640416666,0.021746772033038143
brain_32x2x2,29,0.007445652247083333,0.0018574961798016475,0.09739731869444444,0.021384289638814835
brain_32x2x2,30,0.008601858726916666,0.0019176136189652507,0.10477738793472222,0.024667185495447108
brain_32x2x2,31,0.008294428632569444,0.0018612131789371884,0.10437134090555555,0.02388499082011193
brain_32x2x2,32,0.009485794285416667,0.0022367185318035,0.11632830699444444,0.03020180913981778
brain_32x2x2,33,0.009391380797083333,0.002197931841692788,0.1142428044625,0.0288798014016141
brain_32x2x2,34,0.009630526461111111,0.0022381717627381944,0.1164401743,0.025784114019359147
brain_32x2x2,35,0.01097557087888889,0.002757134719685388,0.12566475147222222,0.02976359459632737
brain_32x2x2,36,0.010950062278194443,0.0026700859076805522,0.12398443149027777,0.02696197038714197
brain_32x2x2,37,0.013046297502083333,0.0031888144266717933,0.13340456293194444,0.02505775356691977
brain_32x2x2,38,0.012740113123611112,0.0030222153043445226,0.13354425563333333,0.025291487325402116
brain_32x2x2,39,0.01518200928125,0.0033307796464604167,0.13953651734583333,0.022443141890057732
brain_32x2x2,40,0.014680323750277778,0.0031690563068171953,0.1423185037236111,0.022036344616782184
brain_32x2x2,41,0.017012340139583335,0.003142715683555537,0.14456791225,0.01984571293691575
brain_32x2x2,42,0.016413474326666667,0.003031342502060536,0.1492907452888889,0.0192675837400674
brain_32x2x2,43,0.018451266433333335,0.0029557242630506467,0.1480655043222222,0.01776144899161418
brain_32x2x2,44,0.01785693359097222,0.002876970859171528,0.15338239269444445,0.017034520557024688
brain_32x2x2,45,0.019263634347916666,0.002773769087461965,0.15058281153333333,0.016850905755827535
brain_32x2x2,46,0.01907339610972222,0.0028310494532659373,0.1564765106013889,0.01633446291466685
brain_32x2x2,47,0.020085820952777778,0.0028088125628580843,0.15028547313333332,0.015011982624506008
brain_32x2x2,48,0.020380797738194442,0.0028823765414230412,0.1561941789611111,0.014172018700224177
brain_32x2x2,49,0.020570598536805554,0.002988520753564329,0.14847631217361112,0.013913353233213807
brain_32x2x2,50,0.02174977825277778,0.0031064140913060387,0.1542795153652778,0.013303095025011001
brain_32x2x2,51,0.021861061563194447,0.003187520240409726,0.1479193115847222,0.013599621642275067
brain_32x2x2,52,0.02338479457638889,0.00342455937144303,0.15293288655555554,0.01466343410914153
brain_32x2x2,53,0.023427728454166664,0.00348339385255418,0.1489308085138889,0.014827653057837772
brain_32x2x2,54,0.025173849306944444,0.0037802331723203924,0.15306217324166665,0.01655846601355971
brain_32x2x2,55,0.025252345930555555,0.003711478159080104,0.1533102821513889,0.01639142076703992
brain_32x2x2,56,0.02730550649166667,0.004097017044913439,0.15632433580277777,0.016587286550991526
brain_32x2x2,57,0.027331232486111114,0.003937222401844292,0.1590583463125,0.01574437667452166
brain_32x2x2,58,0.029680137852777778,0.004390692550322293,0.16128918303611112,0.016854093099251833
brain_32x2x2,59,0.029570271390277778,0.004164251745076859,0.166740691375,0.016150288558236546
brain_32x2x2,60,0.03198853458194444,0.004530458721138858,0.16796530895833334,0.016664814228120613
brain_32x2x2,61,0.03186033627083333,0.00430973001263255,0.17316360970833333,0.016347108263459673
brain_32x2x2,62,0.033981791866666666,0.004506540971335731,0.17451911029166667,0.016682105943883932
brain_32x2x2,63,0.03396637279305555,0.0042407401568145715,0.17829758990277778,0.0163051892606567
brain_32x2x2,64,0.033977396065277776,0.004120151212369267,0.17812670323611113,0.017311441340412324
brain_32x2x2,65,0.03584453359722222,0.004173496825098973,0.18230174084722223,0.016856400355326
brain_32x2x2,66,0.03557591646805555,0.004070219311126419,0.18236885430555555,0.016676296382487858
brain_32x2x2,67,0.037503730372222224,0.004199730460759381,0.1860593071388889,0.01719722096618133
brain_32x2x2,68,0.03706775456527778,0.004056778682886494,0.1869524146388889,0.016687560130247688
brain_32x2x2,69,0.039046158294444445,0.00423182705514694,0.18964807465277778,0.01740272952989038
brain_32x2x2,70,0.03856909230833334,0.004056085820847973,0.19087052456944445,0.017573501311553438
brain_32x2x2,71,0.040769388675,0.004317175714750994,0.19155014229166667,0.018033977920853157
brain_32x2x2,72,0.04028482479166667,0.004082917807829668,0.19303405579166666,0.017595020230035962
brain_32x2x2,73,0.042420574440277775,0.004328510179215047,0.191589903875,0.01704601381511662
brain_32x2x2,74,0.04194701640277778,0.004153295312894655,0.1926246668472222,0.016548254044888192
brain_32x2x2,75,0.04353470433888889,0.004375287041332518,0.19053567643055555,0.016470023436267123
brain_32x2x2,76,0.04286984965277778,0.004193450017505883,0.19171163754166665,0.01634706624891978
brain_32x2x2,77,0.0426611722375,0.004153757723951655,0.1893024927638889,0.016045686096786953
brain_32x2x2,78,0.04316501989583333,0.004259098367763539,0.18651110854166666,0.014862751039313607
brain_32x2x2,79,0.04257421351111111,0.004196495449568689,0.18182677195833333,0.014725302168555542
brain_32x2x2,80,0.04305749457222222,0.004272613929487647,0.1812327802222222,0.014470579053201049
brain_32x2x2,81,0.04240240231527778,0.004236559909774029,0.17696313797222224,0.014341344666485076
brain_32x2x2,82,0.042813963175,0.004299540256583121,0.17668625081944445,0.01422796457494045
brain_32x2x2,83,0.042333363430555555,0.004245318513283457,0.1732518823888889,0.014056938857304043
brain_32x2x2,84,0.0426684334125,0.004311610470967618,0.17186456179166665,0.013681278399573091
brain_32x2x2,85,0.0422837443125,0.004142630877723858,0.17008679390277778,0.0137456971181108
brain_32x2x2,86,0.042441560762500004,0.004143938894641804,0.16783892059722222,0.013629017178490292
brain_32x2x2,87,0.04209215429166667,0.004007742981438113,0.16790817204166666,0.01319439516701338
brain_32x2x2,88,0.04206943490277778,0.004052430147584025,0.16578571193055555,0.012671454236033742
brain_32x2x2,89,0.04181085752916666,0.0039934131216744035,0.16812405649999998,0.012308300507536202
brain_32x2x2,90,0.04163541695833333,0.0040318955497544405,0.165316385875,0.012204925536297581
brain_32x2x2,91,0.04152070086666666,0.004021961838576952,0.16841026597222222,0.011395279633229791
brain_32x2x2,92,0.04120763965972222,0.003977908337602302,0.16528495342500002,0.011286560824741075
brain_32x2x2,93,0.04120394896111111,0.00395461368182232,0.16775535005555556,0.010823107160107443
brain_32x2x2,94,0.04088800738888889,0.003885363942692685,0.16622929547222223,0.01080390123310289
brain_32x2x2,95,0.040946182734722225,0.0038651228914951606,0.1687869687222222,0.01073708105711344
brain_32x2x2,96,0.040700808234722226,0.003857460141953865,0.16792655098611112,0.010871030232519844
brain_32x2x2,97,0.04073742907083334,0.003919385338531746,0.16969684180555555,0.010829472009001863
brain_32x2x2,98,0.04056850030972222,0.003945962974240229,0.17035452298611112,0.011085509120038195
brain_32x2x2,99,0.04056169685138889,0.004017867379282871,0.17158086175,0.011210503101663133
brain_32x2x2,100,0.04041757232222222,0.004030393904651453,0.173084976,0.0112769071740982
brain_32x2x2,101,0.04037542502638889,0.004086890611809147,0.173987203375,0.011579292648351122
brain_32x2x2,102,0.040367891909722224,0.00412155054045645,0.17614744009722222,0.012058517793348352
brain_32x2x2,103,0.04032940750972222,0.004106455038974874,0.17567722140277778,0.012247440849162296
brain_32x2x2,104,0.0404501792125,0.00404932281938316,0.178288237125,0.012507038441717029
brain_32x2x2,105,0.04039995397777778,0.004008119499541858,0.17685570845833334,0.01238864468438914
brain_32x2x2,106,0.04052393309861111,0.004014109841370013,0.179440007625,0.012386653825811632
brain_32x2x2,107,0.04039153285555556,0.0040426925243215025,0.17758143329166667,0.012669683017933144
brain_32x2x2,108,0.04043803373194445,0.0040652064728404465,0.18018408212499998,0.012751575304689818
brain_32x2x2,109,0.040250445909722224,0.004032592609313132,0.1784944337638889,0.01287101844956523
brain_32x2x2,110,0.04019622894305556,0.0040281625740710035,0.1805297863888889,0.013001398827923122
brain_32x2x2,111,0.04009420175416667,0.004003290304464955,0.17962631495833334,0.013256074970878039
brain_32x2x2,112,0.03996036869305556,0.004003403540192054,0.180890385375,0.01324471969167059
brain_32x2x2,113,0.03985720776527778,0.003982063351912221,0.18084290820833332,0.013031433982498382
brain_32x2x2,114,0.03964887459166667,0.003997490839755189,0.1809786186388889,0.013344658720570893
brain_32x2x2,115,0.03956673157083333,0.003998577989949709,0.18158860030555554,0.013132860006526031
brain_32x2x2,116,0.03930359261111111,0.003995183796954886,0.1806586109861111,0.013707100901015602
brain_32x2x2,117,0.039265876977777774,0.0039561816308246196,0.18195945475,0.013674863153312617
brain_32x2x2,118,0.038944606891666664,0.00396567605349863,0.1790326393611111,0.014102008079335393
brain_32x2x2,119,0.03890487672777778,0.0039655993361409556,0.18133434668055556,0.01416506179438188
brain_32x2x2,120,0.03854338922638889,0.00396215013864345,0.17747459469444443,0.014734777062452535
brain_32x2x2,121,0.03842499834027778,0.00394408943843741,0.18038823280555555,0.013881951023295508
brain_32x2x2,122,0.038072080259722224,0.003976805254773742,0.17599124370833333,0.014486495594122163
brain_32x2x2,123,0.03783970430138889,0.004027413028474459,0.17831604965277775,0.014281827480330795
brain_32x2x2,124,0.0375157194375,0.004033486722141459,0.17496936583333333,0.014431926481629238
brain_32x2x2,125,0.03709195550416667,0.004061819656576671,0.17602656091666669,0.013907835820397861
brain_32x2x2,126,0.03684174720555556,0.0040636361172242475,0.1739366549861111,0.013694604700161764
brain_32x2x2,127,0.03640074646805555,0.004025870039004115,0.1738264360972222,0.013978152728962887
brain_32x2x2,128,0.0362759126375,0.003958054884992246,0.17367664286111112,0.01362007544549169
brain_32x2x2,129,0.0358024265375,0.003916835621866631,0.1716072588611111,0.013711639317179643
brain_32x2x2,130,0.035713221943055554,0.003829440001696368,0.17272714579166668,0.0132024650551935
brain_32x2x2,131,0.03523657812916667,0.0038349399846437167,0.16965503461111112,0.01377106706547749
brain_32x2x2,132,0.035213178666666664,0.0038320203242305263,0.17262344456944445,0.013874026627764687
brain_32x2x2,133,0.034744181654166664,0.0038969449779291654,0.1683049292777778,0.014204231906474312
brain_32x2x2,134,0.034694717458333336,0.003908178865049227,0.1721286995,0.014162887050494502
brain_32x2x2,135,0.03426965652222222,0.0038889149443733094,0.1674633785972222,0.014250252019225085
brain_32x2x2,136,0.03412200916666667,0.003807709430146683,0.17114953027777777,0.014309739440064003
brain_32x2x2,137,0.03389137559166667,0.0037386828270920634,0.16773350330555556,0.01434686760376089
brain_32x2x2,138,0.033679362444444444,0.0036528991103944915,0.16970091255555556,0.01407093466950143
brain_32x2x2,139,0.033673303641666666,0.0035664225043870886,0.16827059563888888,0.013957525993245666
brain_32x2x2,140,0.033382883349999996,0.00345975166405646,0.16937341315277776,0.013886842176230537
brain_32x2x2,141,0.03360045839166667,0.0033774051411719127,0.17080679637500001,0.013979148890538598
brain_32x2x2,142,0.03331552179444445,0.003330654909862242,0.17087899980555554,0.014123494444595944
brain_32x2x2,143,0.03369027588194444,0.003269739172245672,0.17443759308333334,0.014366880931329212
brain_32x2x2,144,0.03335154393194444,0.003271197770988659,0.17253389777777778,0.014360155211546936
brain_32x2x2,145,0.03369325313055556,0.0032385879894968835,0.17822872420833333,0.014353486754613681
brain_32x2x2,146,0.033354417070833337,0.0033181603800143847,0.17534891640277778,0.014979539150441827
brain_32x2x2,147,0.0336478410375,0.0033599091973232006,0.18196636547222222,0.015155093766607355
brain_32x2x2,148,0.033366793254166666,0.003478930550353353,0.17895038305555555,0.015745842935403657
brain_32x2x2,149,0.033573784244444446,0.003517384465708068,0.18547559506944442,0.015474769817448462
brain_32x2x2,150,0.03335748496666667,0.003641986840695512,0.18333341337499998,0.016485430706934662
brain_32x2x2,151,0.0332698092375,0.003694513864218956,0.18871794644444442,0.01661910106552199
brain_32x2x2,152,0.033264559729166664,0.0037230661986040023,0.1885123890138889,0.017295889650803503
brain_32x2x2,153,0.032917317306944444,0.003817647101501642,0.19167659141666668,0.017111194486144232
brain_32x2x2,154,0.033096827040277776,0.0038434526924991754,0.19351176091666666,0.01808493173755855
brain_32x2x2,155,0.032535354291666665,0.003970240153822755,0.19397482191666668,0.017792141836561345
brain_32x2x2,156,0.03279208568888889,0.003955186666334495,0.19806405266666666,0.019330609449193455
brain_32x2x2,157,0.03204352844861111,0.0040982819612748215,0.1966310502361111,0.018297363056516802
brain_32x2x2,158,0.03239010378472222,0.0040738329755097445,0.20256664305555555,0.01923737496633259
brain_32x2x2,159,0.03152952051527778,0.004241739207030667,0.19944825279166664,0.01844123647742768
brain_32x2x2,160,0.03185857278194444,0.004188059209688793,0.20682426531944445,0.019865291944220962
brain_32x2x2,161,0.03100393707638889,0.004328645524843668,0.20269565618055554,0.01935054894847431
brain_32x2x2,162,0.031174890819444443,0.004312678758497101,0.20980360041666665,0.020439457785772257
brain_32x2x2,163,0.03045911769027778,0.004378085588648588,0.2074266839166667,0.020145856146368806
brain_32x2x2,164,0.0303573015125,0.004399373072118655,0.2126955532638889,0.020471193514239764
brain_32x2x2,165,0.03016857601388889,0.004345641946529745,0.21371855529166667,0.021478959809038727
brain_32x2x2,166,0.029388453986111115,0.004593281838914364,0.2144266533611111,0.020525430261461194
brain_32x2x2,167,0.02955484259166667,0.004483824055893331,0.2165955089722222,0.021901311593134014
brain_32x2x2,168,0.028384018504166667,0.0047586519006965625,0.21510043068055557,0.020645186699847613
brain_32x2x2,169,0.028742872494444446,0.004635861814451551,0.2193752290972222,0.022276992036760576
brain_32x2x2,170,0.02733625888888889,0.004917571412698402,0.2153270685138889,0.020949635534814576
brain_32x2x2,171,0.027766472275,0.004829250351046955,0.22147226620833335,0.02357548788882654
brain_32x2x2,172,0.026214679332638886,0.005114203195847707,0.21633219420833333,0.021744173350223602
brain_32x2x2,173,0.02661184178611111,0.004999020956353121,0.22169832102777778,0.023581596353261017
brain_32x2x2,174,0.024993428145833333,0.005239723149236015,0.21570026859722222,0.021204594939188335
brain_32x2x2,175,0.025290399835416668,0.005171338354575567,0.221021347625,0.023327111035454002
brain_32x2x2,176,0.023723362695833337,0.0053600838271700615,0.21612306906944445,0.020262586797379915
brain_32x2x2,177,0.0237282890375,0.005292467381260912,0.2194267046111111,0.022060327758571873
brain_32x2x2,178,0.022681730984722225,0.005428556921811869,0.22152168358333332,0.0207566262653135
brain_32x2x2,179,0.02218816079583333,0.005367300232037789,0.2192569606388889,0.02222211492540674
brain_32x2x2,180,0.02238890105138889,0.00519430185930965,0.22711357590277778,0.023248662184359205
brain_32x2x2,181,0.02055295525763889,0.005445000716838189,0.21763028006944446,0.022623004079792435
brain_32x2x2,182,0.021017217118055556,0.005287983518833104,0.22490749838888888,0.02381587570104644
brain_32x2x2,183,0.0188431459675,0.005485464360190253,0.21257684212500003,0.023247764062561488
brain_32x2x2,184,0.01943281750986111,0.005413405574588815,0.22260213106944443,0.024635216041488425
brain_32x2x2,185,0.017129077515,0.005607385325346454,0.20975835147222222,0.02417490498468292
brain_32x2x2,186,0.017630044080416667,0.005629941677561169,0.22009068663888887,0.02504889624711116
brain_32x2x2,187,0.015274324764750002,0.005750195535027697,0.20352255525,0.02552414432005584
brain_32x2x2,188,0.01567488338438889,0.005842989840319265,0.21360287597916666,0.02689663565552916
brain_32x2x2,189,0.01343725773025,0.005882811587808831,0.1946140610013889,0.030165742968354777
brain_32x2x2,190,0.013656653113236113,0.005996431485196221,0.2040513669236111,0.03162790177640879
brain_32x2x2,191,0.01160379859688889,0.006024769904864059,0.18514731592777778,0.03993810198544576
brain_32x2x2,192,0.011428849818305557,0.006116297239836351,0.19196612836111113,0.03989171264910718
brain_32x2x2,193,0.011362284570833332,0.006158570341433741,0.20058998489305557,0.0434695052974775
brain_32x2x2,194,0.009346961767583333,0.006088277479542016,0.17868780871805556,0.04932134758667702
brain_32x2x2,195,0.00954848185675,0.006302787504300188,0.1885740981013889,0.05494156015950218
brain_32x2x2,196,0.007290749140611111,0.005876598573466723,0.15930643082916665,0.06405264019639094
brain_32x2x2,197,0.007541113771291667,0.006188756558331682,0.1691574351013889,0.06902034333617832
brain_32x2x2,198,0.005522158822736111,0.005491473779503931,0.1340271805652778,0.07583162112147428
brain_32x2x2,199,0.005706220017152778,0.005784700569971691,0.14423715822916666,0.0814508013873404
brain_32x2x2,200,0.003961091591694444,0.004898436851318565,0.10759380369444445,0.08149622554219133
brain_32x2x2,201,0.004044727330430556,0.005123864323501982,0.11419751303472223,0.08617736519971173
brain_32x2x2,202,0.002740281727861111,0.004163725126547919,0.08617789336527777,0.08237173353383942
brain_32x2x2,203,0.002760678828041667,0.004284526569565364,0.09163894427222223,0.08704120268819864
brain_32x2x2,204,0.0017355658059583334,0.00332221663700344,0.0633050101263889,0.08009749305403135
brain_32x2x2,205,0.001705392260736111,0.0033866204214297074,0.06774527184166666,0.08520154036276253
brain_32x2x2,206,0.0010748691288472224,0.002604251746395559,0.04193211837777778,0.06976259999142898
brain_32x2x2,207,0.0009936339975694444,0.0025314678676706813,0.04455072293888889,0.07359204567991987
brain_32x2x2,208,0.001012340251125,0.002630933333087355,0.04485492069305555,0.07564486709234275
brain_32x2x2,209,0.0005371220396805555,0.00178304934509251,0.025848470355555556,0.05911731735994159
brain_32x2x2,210,0.0005392978153055556,0.001855334672739592,0.02648752255833333,0.06161522765934366
brain_32x2x2,211,0.00026326181375,0.0011824116762232041,0.015353806129166666,0.046079963705155866
brain_32x2x2,212,0.0002766722514305555,0.0012863251158339508,0.016160527075,0.048203101519381286
brain_32x2x2,213,0.00011196790781944444,0.000765865579109721,0.007121517311111112,0.03182555063610058
brain_32x2x2,214,0.00011904699084722222,0.000871973503997554,0.007446794516666666,0.03352942856333244
brain_32x2x2,215,4.7129732569444446e-05,0.0005350208462624304,0.003716538940277778,0.02398339230342239
brain_32x2x2,216,5.284381561111111e-05,0.0006285577345838584,0.003623245548611111,0.023463278897488872
brain_32x2x2,217,2.088329163888889e-05,0.0003686118913937787,0.001263112138888889,0.014028295069981614
brain_32x2x2,218,2.395270323611111e-05,0.0004345462261331285,0.0012605474222222221,0.014118935526731201
brain_32x2x2,219,1.2113788333333333e-05,0.0002817711606755821,0.0004788032083333333,0.009093044043106718
brain_32x2x2,220,1.3764545e-05,0.00031979422425302444,0.00042462651388888885,0.008070110965735238
brain_32x2x2,221,5.7323902777777776e-06,0.00015381617201604012,0.00019454387499999998,0.00522015994927466
brain_32x2x2,222,4.788307638888889e-06,0.00012848377653284487,0.00019917455555555557,0.00534441414732637
brain_32x2x2,223,4.673276111111111e-06,0.0001253971567448436,0.00021298372222222222,0.00571495297187786
brain_32x2x2,224,9.7560125e-07,2.6178128567205204e-05,0.00027535854166666667,0.007388645008222492
brain_32x2x2,225,1.0226931944444444e-06,2.744173803485028e-05,0.00026591194444444444,0.007135166205683102
brain_32x2x2,226,0.0,0.0,0.0,0.0
brain_32x2x2,227,0.0,0.0,0.0,0.0
brain_32x2x2,228,0.0,0.0,0.0,0.0
brain_32x2x2,229,0.0,0.0,0.0,0.0
brain_32x2x2,230,0.0,0.0,0.0,0.0
brain_32x2x2,231,0.0,0.0,0.0,0.0
brain_32x2x2,232,0.0,0.0,0.0,0.0
brain_32x2x2,233,0.0,0.0,0.0,0.0
brain_32x2x2,234,0.0,0.0,0.0,0.0
brain_32x2x2,235,0.0,0.0,0.0,0.0
brain_32x2x2,236,0.0,0.0,0.0,0.0
brain_32x2x2,237,0.0,0.0,0.0,0.0
brain_32x2x2,238,0.0,0.0,0.0,0.0
brain_32x2x2,239,0.0,0.0,0.0,0.0
brain_32x2x2,240,0.0,0.0,0.0,0.0
brain_32x2x2,241,0.0,0.0,0.0,0.0
brain_32x2x2,242,0.0,0.0,0.0,0.0
brain_32x2x2,243,0.0,0.0,0.0,0.0
brain_32x2x2,244,0.0,0.0,0.0,0.0
brain_32x2x2,245,0.0,0.0,0.0,0.0
brain_32x2x2,246,0.0,0.0,0.0,0.0
brain_32x2x2,247,0.0,0.0,0.0,0.0
brain_32x2x2,248,0.0,0.0,0.0,0.0
brain_32x2x2,249,0.0,0.0,0.0,0.0
brain_32x2x2,250,0.0,0.0,0.0,0.0
brain_32x2x2,251,0.0,0.0,0.0,0.0
brain_32x2x2,252,0.0,0.0,0.0,0.0
brain_32x2x2,253,0.0,0.0,0.0,0.0
brain_32x2x2,254,0.0,0.0,0.0,0.0
brain_32x2x2,255,0.0,0.0,0.0,0.0
brain_32x8x8,0,0.0,0.0,0.0,0.0
brain_32x8x8,1,0.0,0.0,0.0,0.0
brain_32x8x8,2,5.240545277777778e-07,8.755608885715448e-06,5.0705217499999995e-05,0.0012187403881567724
brain_32x8x8,3,5.601962916666666e-07,9.099301911536257e-06,2.5672294444444447e-05,0.000546295829003591
brain_32x8x8,4,2.789644084722222e-06,2.627522245118291e-05,0.00010716640222222223,0.0013060939425498035
brain_32x8x8,5,3.257196e-06,3.0248340472972318e-05,9.817795083333334e-05,0.0012098784810727905
brain_32x8x8,6,3.812153047222222e-06,3.585698019477118e-05,7.321606e-05,0.0007226296718166543
brain_32x8x8,7,9.783663823611112e-06,6.869982190248166e-05,0.0002382939909722222,0.0019928667422376965
brain_32x8x8,8,1.1035142305555555e-05,7.764418113515389e-05,0.00024073993208333333,0.0019613500797520966
brain_32x8x8,9,2.6893460398611113e-05,0.0001356411044142428,0.00038377323652777774,0.0017219942921500148
brain_32x8x8,10,2.9220622602777776e-05,0.00014755784247831203,0.00038066178895833336,0.001678651464013094
brain_32x8x8,11,6.866981291944445e-05,0.0002181473967094975,0.0009154555312083334,0.0026975766300658304
brain_32x8x8,12,7.514865760694445e-05,0.00023407563350703257,0.0008982459823611111,0.002435584392548461
brain_32x8x8,13,0.00015146044972500001,0.0003268754519477787,0.0017295674425,0.00414721702921565
brain_32x8x8,14,0.00016389000474166667,0.0003480805488759159,0.0017663966723194446,0.0038479717949238047
brain_32x8x8,15,0.00029417708727916665,0.0004516069901689451,0.002149535458611111,0.003277439435262714
brain_32x8x8,16,0.0003153109223263889,0.00047240258449566207,0.002482197225138889,0.0036725501914763787
brain_32x8x8,17,0.0005280626974263889,0.0005912002067294897,0.0031507257764305558,0.0035171247264805233
brain_32x8x8,18,0.0005655619771208333,0.000618708358047098,0.003255839351486111,0.003326304285884718
brain_32x8x8,19,0.0008318741175847223,0.0007204405743457684,0.004069879970277778,0.003278585069418236
brain_32x8x8,20,0.0008961614295319443,0.0007497424499192279,0.004205540667402778,0.003670464794601825
brain_32x8x8,21,0.000981660015461111,0.0007991713981401945,0.005103154536680555,0.003958530008336964
brain_32x8x8,22,0.0012998337819083335,0.0008331606863406894,0.0050925500660555555,0.0034840620582611437
brain_32x8x8,23,0.0013861668670527778,0.0008716864400206867,0.006435983829805556,0.0041253782906023155
brain_32x8x8,24,0.0017352717178055557,0.0008703683309802874,0.006426702890277778,0.0039241131578616455
brain_32x8x8,25,0.0018187175950625002,0.0008920146098577001,0.008023954006347223,0.004519532549245187
brain_32x8x8,26,0.002171508076875,0.0008646826135482813,0.007843611340555555,0.004254931379893294
brain_32x8x8,27,0.0022630623947916665,0.0008861278292444731,0.009479030874722223,0.004793414307888076
brain_32x8x8,28,0.0025950526986666667,0.0008513389105183743,0.009919784369722223,0.0051503739869335815
brain_32x8x8,29,0.0026900540469583334,0.000870332013664045,0.011375937838055555,0.0048640066461078674
brain_32x8x8,30,0.0030146569672083335,0.0008677792818702373,0.011709917504027776,0.005010010839342076
brain_32x8x8,31,0.0031236842315,0.0008830240684856289,0.013128932360694444,0.004991782898495963
brain_32x8x8,32,0.0034766402401041666,0.0009234043199167473,0.014281151004361113,0.00521633943693205
brain_32x8x8,33,0.003591479927652778,0.0009419767015616168,0.014968840966944444,0.0052368200166713
brain_32x8x8,34,0.0038528329756666664,0.0009722095378907784,0.017375360835416666,0.005536452360334732
brain_32x8x8,35,0.004152356635694444,0.0010400411234216624,0.016802915746805556,0.005273476466308424
brain_32x8x8,36,0.004360579026666667,0.0010625144615168337,0.019382964714583336,0.005746251359569029
brain_32x8x8,37,0.004824899047916667,0.0011330484118417731,0.018878157814166668,0.005407212796341293
brain_32x8x8,38,0.0049918142,0.0011372125649304365,0.02162383683888889,0.005933204237580466
brain_32x8x8,39,0.0055067320665277775,0.0011774568972290804,0.021424061899305555,0.006448593232273986
brain_32x8x8,40,0.0056167256045833325,0.0011668949806408742,0.02352529707263889,0.005996642254571101
brain_32x8x8,41,0.006121379796805556,0.0011465996872337366,0.023948308383611113,0.006130525460572199
brain_32x8x8,42,0.006168591878888889,0.001120752865105674,0.025487964676388888,0.0063210157745023105
brain_32x8x8,43,0.006631598415,0.0010938860087598803,0.026546776380555557,0.006427248621508135
brain_32x8x8,44,0.006648765685972222,0.0010835753095814573,0.02734148351875,0.00634190064243968
brain_32x8x8,45,0.007074493485,0.0011051598836188967,0.029517504695138887,0.006866957304399125
brain_32x8x8,46,0.007063771759722223,0.0010873018895801738,0.029284432929166666,0.006352682308227558
brain_32x8x8,47,0.007492062422638889,0.0011346176574652447,0.03225027402222222,0.0068108010919350264
brain_32x8x8,48,0.007485024129861111,0.0011318905005061957,0.030377222051388892,0.006391631337704546
brain_32x8x8,49,0.007815380839305556,0.0012004949429015453,0.03366792880555555,0.0064690086271672834
brain_32x8x8,50,0.00793239964125,0.0011912346053149158,0.03130299280833333,0.00621813336416594
brain_32x8x8,51,0.008191660581527779,0.0012518192669371611,0.033454825905555555,0.006388743944000635
brain_32x8x8,52,0.008454475250000001,0.001300590576585498,0.03195206599861111,0.00650498470150991
brain_32x8x8,53,0.008666511913055557,0.0013419768411727453,0.033426448866666666,0.006517903998813665
brain_32x8x8,54,0.009027499519444445,0.0014073668710743916,0.03309215445,0.006822524539897529
brain_32x8x8,55,0.009207806779583334,0.001446495376104159,0.03391458092777778,0.007022240067855177
brain_32x8x8,56,0.009745599564305556,0.001560430427214983,0.03514739383472222,0.007609221142814813
brain_32x8x8,57,0.009869145229027779,0.0015782335779917387,0.035321620823611115,0.007600569852164892
brain_32x8x8,58,0.010546810319444443,0.001713287506939616,0.037712110452777774,0.008065807638038859
brain_32x8x8,59,0.01066499368513889,0.001715427967446274,0.03781304026111111,0.008137097913755512
brain_32x8x8,60,0.011474812009444444,0.0018416389661449755,0.040669343811111106,0.0083635045680898
brain_32x8x8,61,0.011575516312083334,0.0018310676047324957,0.040355284051388884,0.008262597003298806
brain_32x8x8,62,0.012437317436111112,0.0019083124954796214,0.04376015216111111,0.008643103700350794
brain_32x8x8,63,0.01251305460236111,0.0018778968145293008,0.042775668587499996,0.008718204056819022
brain_32x8x8,64,0.013038926836388888,0.0018830524239229862,0.04594336749583333,0.008962836784918446
brain_32x8x8,65,0.01347458903138889,0.001905781624292653,0.045160458741666666,0.008768646307082588
brain_32x8x8,66,0.013818732206666665,0.0019018239599542567,0.04731130915277778,0.008884028425067105
brain_32x8x8,67,0.0143457987125,0.0019152998596391835,0.04724675272361111,0.008835768556421108
brain_32x8x8,68,0.014548361410416665,0.001906551781310556,0.04871187459444444,0.009046424457392059
brain_32x8x8,69,0.015116156316666665,0.0019530061646009058,0.04915098428333334,0.009117227881971264
brain_32x8x8,70,0.015206747683333334,0.0019222876286957827,0.04974186516805555,0.009277103655281133
brain_32x8x8,71,0.015829682044444446,0.0019757821229621363,0.050781423066666664,0.009523806548897082
brain_32x8x8,72,0.01585109886736111,0.0019565714168513293,0.050348847420833336,0.00917340750965095
brain_32x8x8,73,0.01650569916388889,0.002016626450293637,0.051549323672222216,0.009064625840108238
brain_32x8x8,74,0.01644275636527778,0.0019710757285904663,0.050491768519444445,0.008815496526043206
brain_32x8x8,75,0.016995522547916666,0.002033353747314066,0.05243172581805556,0.008859112996246239
brain_32x8x8,76,0.016804948053472223,0.001988148159575726,0.050996954165277775,0.008691201940685287
brain_32x8x8,77,0.01709267419583333,0.002034996439123861,0.05390392698055556,0.008915514373303995
brain_32x8x8,78,0.01698220146875,0.0020300047418045307,0.05069718784583333,0.00851567117236587
brain_32x8x8,79,0.01703572382083333,0.0020406634972542984,0.0522594297875,0.008563482850849624
brain_32x8x8,80,0.016946199111111112,0.0020339145040403025,0.05071639664027778,0.008385587533541025
brain_32x8x8,81,0.016912957465972222,0.0020250859275719258,0.052005879754166665,0.008328863548761391
brain_32x8x8,82,0.016850657524305555,0.0020540347365753885,0.05151542925416666,0.008322391766561313
brain_32x8x8,83,0.01671148450138889,0.0020463407836896195,0.05190753768055556,0.00833381295933825
brain_32x8x8,84,0.016688940400694442,0.002079762152252186,0.052128381025000003,0.008545682509271004
brain_32x8x8,85,0.016539198811111114,0.0020600459973544706,0.05198539017638889,0.008561289180146082
brain_32x8x8,86,0.016562649525694445,0.0020725395081916055,0.05256261635138889,0.008617558260906108
brain_32x8x8,87,0.016378794068055556,0.0020343536772470198,0.052224796254166664,0.008736074001220312
brain_32x8x8,88,0.01645258659513889,0.0020340641172781697,0.053647002059722226,0.00874768867773952
brain_32x8x8,89,0.016238095638194446,0.00200472521797737,0.05293847232361111,0.008607358000987926
brain_32x8x8,90,0.016325117160416666,0.0020258745357003257,0.054666168968055553,0.008638926044846344
brain_32x8x8,91,0.016108179129166667,0.0020064410520840756,0.05372999619166667,0.008582081074023027
brain_32x8x8,92,0.016146355602083332,0.0020390897689729435,0.0550116777125,0.008527130554360047
brain_32x8x8,93,0.015971547210416666,0.002018331559692805,0.054002764277777775,0.008556953942164568
brain_32x8x8,94,0.015983369190277777,0.0020178578221384273,0.055243749098611114,0.008708554477523547
brain_32x8x8,95,0.015892545519444443,0.0019951826131858587,0.055011110138888895,0.008704141046279493
brain_32x8x8,96,0.015898005177083334,0.001987878739241113,0.05632069108888889,0.008825228456755554
brain_32x8x8,97,0.015845986404166665,0.0019970916802264428,0.05641957741944444,0.009045451243805324
brain_32x8x8,98,0.015815911156249998,0.002012034751830295,0.057606788387499996,0.009345107411645598
brain_32x8x8,99,0.015790475161805557,0.002047771212425564,0.05861175413611111,0.009485810926275446
brain_32x8x8,100,0.015733073524305554,0.0020634797679714247,0.05894767644861111,0.009434275102750857
brain_32x8x8,101,0.015722940225,0.002080933443984519,0.05994103938888889,0.009881940166873722
brain_32x8x8,102,0.015634751375000002,0.002065880578463176,0.06000762513611111,0.009940749593094439
brain_32x8x8,103,0.015677542693055557,0.0020770753592452753,0.061330628751388894,0.010047379111328084
brain_32x8x8,104,0.015582208699305555,0.0020642992877686226,0.06089528980138889,0.010192471243204205
brain_32x8x8,105,0.015604603881944446,0.0020647327980673562,0.061923918129166665,0.010434792755435367
brain_32x8x8,106,0.015485693757638887,0.0020461334748462846,0.06107260112777778,0.010577391154868561
brain_32x8x8,107,0.015503186790972224,0.00204176258035294,0.06233756703055556,0.010667087233933314
brain_32x8x8,108,0.015355452344444446,0.0020399499293196907,0.06156376431111111,0.010588727701935557
brain_32x8x8,109,0.01532462852638889,0.0020538025386213237,0.062155888215277774,0.01054911955533187
brain_32x8x8,110,0.015187409078472222,0.0020410647173121047,0.06169759157083333,0.010303493598250143
brain_32x8x8,111,0.01514400869513889,0.00205759091694617,0.06296658914166667,0.010577244196677429
brain_32x8x8,112,0.01503369383888889,0.002074477315479175,0.06287803893611112,0.01071503055385762
brain_32x8x8,113,0.014946283174305556,0.0020845661287807586,0.06331637710555556,0.011002049361571193
brain_32x8x8,114,0.014815606888194445,0.002081129776496087,0.06363057378472223,0.010861752928534231
brain_32x8x8,115,0.014703025504861111,0.0020859344720173963,0.06375340516111111,0.010805230863190882
brain_32x8x8,116,0.014622296809027777,0.0020924706734334647,0.06420064747638889,0.010822778109088925
brain_32x8x8,117,0.014444491336805556,0.0020803715071401486,0.06342798179861112,0.011122067567200718
brain_32x8x8,118,0.014368587135416666,0.0020850295593604303,0.06338182765694444,0.011362027162631884
brain_32x8x8,119,0.014135733588888888,0.0020827221674828288,0.062083547765277775,0.011576852651492778
brain_32x8x8,120,0.014066830345833335,0.0021121644509908503,0.062421651647222215,0.011726733416558159
brain_32x8x8,121,0.013732814009027776,0.0021058978145949395,0.060391667087499996,0.012125464364707753
brain_32x8x8,122,0.013632573886111112,0.0021395379081172524,0.060639198545833335,0.011906183544138112
brain_32x8x8,123,0.013290776918055556,0.0021444838305105826,0.058640299623611114,0.011980702690577985
brain_32x8x8,124,0.013162835460416668,0.0021641925281009997,0.05851719349722222,0.011964898330727912
brain_32x8x8,125,0.01284225903263889,0.0021409363760603443,0.05684336366111111,0.011884875686469476
brain_32x8x8,126,0.012688040943055557,0.0021272298296011257,0.05647878708194444,0.011658337932163787
brain_32x8x8,127,0.012437547566666667,0.0021023714925792773,0.05529644718888889,0.011512028304769226
brain_32x8x8,128,0.012282295009722222,0.002049010806737721,0.05485727271388889,0.011684526503604862
brain_32x8x8,129,0.012089687905555554,0.0020158554450016995,0.05409462419583333,0.01119868937355608
brain_32x8x8,130,0.011925504128472222,0.0019602553713210322,0.05266663229583333,0.011108538621185023
brain_32x8x8,131,0.011799109941666665,0.0019205266826063775,0.05259721547638888,0.011031330428728399
brain_32x8x8,132,0.011603903511805555,0.0018731429294845936,0.05084473264861111,0.010991340620955864
brain_32x8x8,133,0.011575006976388889,0.0018682007087251953,0.05167035393472222,0.011445717871973366
brain_32x8x8,134,0.011342774478333333,0.0018248164580401272,0.049249654031944444,0.011175610607567483
brain_32x8x8,135,0.011329182345833333,0.001841191666651423,0.050069671879166666,0.011171988710564023
brain_32x8x8,136,0.011083274928888888,0.0018049534159982764,0.04750027336666667,0.011024951303467787
brain_32x8x8,137,0.011075375753888889,0.0018068157742947336,0.04818282063888889,0.011298028466665232
brain_32x8x8,138,0.010854135827361111,0.0017471944242885655,0.046136382470833334,0.010965361284741326
brain_32x8x8,139,0.010837503018888889,0.0017272919218562376,0.046278316054166664,0.010674818056703063
brain_32x8x8,140,0.01065279439,0.0016811452182198539,0.04475012565416667,0.010484999304578297
brain_32x8x8,141,0.01064445734125,0.0016542074544878818,0.04442780837361111,0.010376601383365179
brain_32x8x8,142,0.01050686102236111,0.0016220567653138405,0.04377485217916667,0.010196339532509445
brain_32x8x8,143,0.01048888509263889,0.0015874955230207374,0.042872873120833335,0.009908786345615941
brain_32x8x8,144,0.010402940925833333,0.0015644741440586473,0.043044640597222225,0.009845178502059125
brain_32x8x8,145,0.010347940461944444,0.0015349584943783608,0.04164304195,0.00983638157324704
brain_32x8x8,146,0.010318606185277777,0.001540161591797155,0.042600379359722225,0.009634999734457807
brain_32x8x8,147,0.010235938543611111,0.001512234913549385,0.04058667650416667,0.009722487964244969
brain_32x8x8,148,0.010255418116944444,0.0015406604509004464,0.042205201152777774,0.009839760308501276
brain_32x8x8,149,0.0101250818975,0.001505068778768507,0.03973361607777778,0.00950186645742465
brain_32x8x8,150,0.010150164645138888,0.0015447160981678569,0.04144231511805555,0.009626468726487283
brain_32x8x8,151,0.009976991473611111,0.0015215831913688684,0.03937343026666666,0.009608407618535968
brain_32x8x8,152,0.010009011592638888,0.0015544183636993067,0.04024223723472222,0.009833712334625953
brain_32x8x8,153,0.009798541122777778,0.0015399423764660394,0.03870287904722222,0.009687852074998374
brain_32x8x8,154,0.009798139715,0.0015617449760039616,0.03861199367083334,0.009739092144097223
brain_32x8x8,155,0.009601383449305556,0.001564956723398019,0.03840738209722223,0.009727734687056714
brain_32x8x8,156,0.009590917122222223,0.0015891246783940782,0.03740276841666667,0.009797597020548878
brain_32x8x8,157,0.0093723968075,0.0015973940814202874,0.037240877093055555,0.009429683817649687
brain_32x8x8,158,0.009322606001805556,0.0015934543180883556,0.03590511241666667,0.009398327746324315
brain_32x8x8,159,0.009120633139444443,0.0016174726355172935,0.036879224069444445,0.00938122996616435
brain_32x8x8,160,0.00904588096125,0.001608347620997944,0.03461526721388889,0.009109479918666119
brain_32x8x8,161,0.008870446615138888,0.001636793489891905,0.03614986953472222,0.00939690382756449
brain_32x8x8,162,0.008730455205972222,0.001603449064550605,0.03360758453611111,0.009050843049217248
brain_32x8x8,163,0.00858438683861111,0.0016394817832929996,0.03503463219583333,0.009330060626728798
brain_32x8x8,164,0.008366832735277777,0.0016130066478297635,0.03229891395416667,0.008941845783147793
brain_32x8x8,165,0.008291048140555556,0.0016207050756567882,0.032647236975,0.00926584472944724
brain_32x8x8,166,0.007984973679305556,0.0016274586284086975,0.031123426663194446,0.008645350747670083
brain_32x8x8,167,0.007946297240833334,0.0016255812156862296,0.030429514464583335,0.008717728306034183
brain_32x8x8,168,0.007619869788611111,0.0016488233254515134,0.03009222580902778,0.008608334937608354
brain_32x8x8,169,0.007585073709861111,0.0016401760307423604,0.02867830749305556,0.008577309330334614
brain_32x8x8,170,0.007229956698333333,0.0016521228411795763,0.02856221526111111,0.008535205849097439
brain_32x8x8,171,0.007184393067777777,0.0016420711470677201,0.02675792985763889,0.008331107172956065
brain_32x8x8,172,0.006824987823333333,0.0016519940285098424,0.02713424384236111,0.008158134171449718
brain_32x8x8,173,0.006764538110138888,0.001642984181077476,0.02503572523055556,0.00781226314714681
brain_32x8x8,174,0.006402176154861111,0.00165339696602777,0.025355337486111112,0.007778046638258933
brain_32x8x8,175,0.006317115793472223,0.0016391953357303881,0.02308997280138889,0.007443063474585812
brain_32x8x8,176,0.006004520237083333,0.001639750141168984,0.02394968212986111,0.007516998087539041
brain_32x8x8,177,0.0058652148518055554,0.0016198154347538646,0.021763151697916667,0.007314814918890972
brain_32x8x8,178,0.005674437719444445,0.0016135771309956964,0.022936448418888887,0.007017969891760289
brain_32x8x8,179,0.005415408008472222,0.0015796416692518904,0.020480336972777777,0.006730285757675781
brain_32x8x8,180,0.005383261561111111,0.0015539593778844667,0.019779890028055556,0.006651932341625779
brain_32x8x8,181,0.004971662806388889,0.0015487928451492529,0.019389264324444447,0.006299673644380363
brain_32x8x8,182,0.004957199447916666,0.0015296677310611359,0.018029640440555553,0.006120411630498256
brain_32x8x8,183,0.004524875146111111,0.0015160591111121854,0.018263226780555555,0.006059992751990827
brain_32x8x8,184,0.004523129681388889,0.0015057862425816222,0.01662965052388889,0.005909868718047836
brain_32x8x8,185,0.004095372560138889,0.0014933631912184167,0.017276363735,0.0057444668184274345
brain_32x8x8,186,0.004085665228694444,0.0014833094668903423,0.015427836348888889,0.005653328248742302
brain_32x8x8,187,0.0036534017939861114,0.0014720749740101372,0.01639754396902778,0.005646250039868874
brain_32x8x8,188,0.003630797737319444,0.0014628897993237899,0.014608672329166668,0.005389632754996248
brain_32x8x8,189,0.0032299182112916665,0.0014626787216889174,0.015835995830694446,0.0055805590022325055
brain_32x8x8,190,0.0031787651785416668,0.0014527408641637105,0.013792415420555555,0.005756452604208745
brain_32x8x8,191,0.0028067803324291663,0.0014651926617138705,0.015344292945277779,0.00573857424705094
brain_32x8x8,192,0.0026916224632916666,0.0014540052954249627,0.013109645167638889,0.005276361595686655
brain_32x8x8,193,0.0026619698723124997,0.0014624751824012952,0.012746657161527779,0.005235616227821974
brain_32x8x8,194,0.002238019524948611,0.0014438888297883255,0.012404522662361112,0.005636117482303972
brain_32x8x8,195,0.0022298413875708333,0.0014556527486265165,0.011303723190972222,0.0053231435149723675
brain_32x8x8,196,0.0017776560032388888,0.0013944798242909655,0.01122194932111111,0.006287840638496981
brain_32x8x8,197,0.0017746699997708334,0.0014193631323922216,0.010069758762361112,0.00574182137831884
brain_32x8x8,198,0.0013661145835347221,0.0013144772607417041,0.009903178074583333,0.006809727269661043
brain_32x8x8,199,0.0013596102743236112,0.0013374945146608186,0.008655087587083334,0.00672627527947712
brain_32x8x8,200,0.0009919784741819445,0.0011926667700983523,0.008404250153194444,0.007477627021928458
brain_32x8x8,201,0.0009755580625027778,0.0011966852935398147,0.007604398543333334,0.007789362624999976
brain_32x8x8,202,0.0006977873235333333,0.0010318602890910238,0.007108998350694445,0.00824027515789525
brain_32x8x8,203,0.0006808303039819444,0.0010335777090866012,0.006624750630833333,0.008708174519850426
brain_32x8x8,204,0.0004551558924375,0.0008552024705056352,0.00534917941125,0.007767793075679104
brain_32x8x8,205,0.00043102019667361116,0.0008373426412732305,0.0050584502404166665,0.007898745019618899
brain_32x8x8,206,0.00028898635454166667,0.0006891602924182403,0.0035599824854166667,0.006564708162665456
brain_32x8x8,207,0.00025726660122083334,0.0006402224784241361,0.0034904709824999996,0.007392179459611313
brain_32x8x8,208,0.0002520864755013889,0.0006392272704159287,0.003302523920138889,0.007277688489762356
brain_32x8x8,209,0.00014276983849722223,0.000468200651984597,0.002136444207222222,0.006522753619545392
brain_32x8x8,210,0.00013728422690277779,0.0004616603581990126,0.0017538351523611112,0.005268964542862203
brain_32x8x8,211,7.210758039722222e-05,0.00032894649541967473,0.0011783224954166666,0.0038849863986778225
brain_32x8x8,212,7.097074955416667e-05,0.0003310282763097566,0.0010432992263888889,0.0034545276856652
brain_32x8x8,213,3.213047458333333e-05,0.00022224028765848694,0.0005345320545833334,0.002535276980872347
brain_32x8x8,214,3.102362961805555e-05,0.00022820606411435304,0.0004565338781944444,0.002326469939223689
brain_32x8x8,215,1.3710000027777777e-05,0.00015363676551103758,0.00040805635555555555,0.003820908999013481
brain_32x8x8,216,1.3253844430555555e-05,0.00015472492007370659,0.00038806449222222227,0.0036008634241404226
brain_32x8x8,217,6.470529944444444e-06,0.00011902630092374852,0.00011339091305555556,0.0014080160821233257
brain_32x8x8,218,6.6564414083333335e-06,0.00012352142833082952,0.00016413684375,0.002114599062319516
brain_32x8x8,219,3.975420902777778e-06,9.335958706761396e-05,2.407197263888889e-05,0.00045996894965250745
brain_32x8x8,220,4.129110416666667e-06,9.904350100126864e-05,2.528758708333333e-05,0.0005443522966057043
brain_32x8x8,221,1.6505165277777779e-06,4.4288005849176354e-05,1.4780397222222221e-05,0.00039659967508005547
brain_32x8x8,222,1.4539434722222222e-06,3.9013397271971634e-05,1.4626527083333334e-05,0.00039247090599690056
brain_32x8x8,223,1.2151445833333334e-06,3.260575068988791e-05,1.004392638888889e-05,0.00026950682599871466
brain_32x8x8,224,2.6347043055555556e-07,7.069653513400318e-06,1.1531141666666667e-05,0.0003094129994981629
brain_32x8x8,225,2.417595138888889e-07,6.487088487154319e-06,7.066721805555555e-06,0.0001896200440236273
brain_32x8x8,226,0.0,0.0,0.0,0.0
brain_32x8x8,227,0.0,0.0,0.0,0.0
brain_32x8x8,228,0.0,0.0,0.0,0.0
brain_32x8x8,229,0.0,0.0,0.0,0.0
brain_32x8x8,230,0.0,0.0,0.0,0.0
brain_32x8x8,231,0.0,0.0,0.0,0.0
brain_32x8x8,232,0.0,0.0,0.0,0.0
brain_32x8x8,233,0.0,0.0,0.0,0.0
brain_32x8x8,234,0.0,0.0,0.0,0.0
brain_32x8x8,235,0.0,0.0,0.0,0.0
brain_32x8x8,236,0.0,0.0,0.0,0.0
brain_32x8x8,237,0.0,0.0,0.0,0.0
brain_32x8x8,238,0.0,0.0,0.0,0.0
brain_32x8x8,239,0.0,0.0,0.0,0.0
brain_32x8x8,240,0.0,0.0,0.0,0.0
brain_32x8x8,241,0.0,0.0,0.0,0.0
brain_32x8x8,242,0.0,0.0,0.0,0.0
brain_32x8x8,243,0.0,0.0,0.0,0.0
brain_32x8x8,244,0.0,0.0,0.0,0.0
brain_32x8x8,245,0.0,0.0,0.0,0.0
brain_32x8x8,246,0.0,0.0,0.0,0.0
brain_32x8x8,247,0.0,0.0,0.0,0.0
brain_32x8x8,248,0.0,0.0,0.0,0.0
brain_32x8x8,249,0.0,0.0,0.0,0.0
brain_32x8x8,250,0.0,0.0,0.0,0.0
brain_32x8x8,251,0.0,0.0,0.0,0.0
brain_32x8x8,252,0.0,0.0,0.0,0.0
brain_32x8x8,253,0.0,0.0,0.0,0.0
brain_32x8x8,254,0.0,0.0,0.0,0.0
brain_32x8x8,255,0.0,0.0,0.0,0.0
